Symbol,Name,Exchange,Sector,Industry,Date,Volume,Close,SMA_14,SMA_50,SMA_200,ADX_14,RSI_14,MACD,MACD_Signal,MACD_Hist,BB_Upper,BB_Middle,BB_Lower,StdDev_5,LinearReg_5,CDL_Engulfing,CDL_3WhiteSoldiers
A,"Agilent Technologies, Inc.",NYSE,Health Care,Medical Equipment,2026-08-14,983100.0,148.53,143.54,135.64,131.08,19.36,69.01,4.1912,3.4906,0.7006,152.14,141.12,130.1,0.4679,148.74,0,0
AAOI,Applied Optoelectronics Inc.,NASD,Technology,Telecom Equipment,2026-08-14,18774900.0,150.28,118.92,133.94,94.99,22.26,61.04,3.8535,-1.7946,5.6481,154.48,115.38,76.29,7.0814,143.23,0,0
AAPL,"Apple, Inc.",NASD,Technology,Computer Hardware,2026-08-14,28229300.0,305.93,314.06,309.19,280.48,22.21,43.67,-2.4582,0.1883,-2.6465,343.93,318.43,292.94,1.9291,304.48,0,0
ABBV,AbbVie Inc.,NYSE,Health Care,Biotechnology,2026-08-14,4195300.0,249.46,250.5,244.46,225.61,19.49,50.99,0.6856,1.6311,-0.9455,263.93,252.15,240.36,0.9948,250.16,0,0
ABNB,Airbnb Inc.,NASD,Consumer Discretionary,Travel & Tourism,2026-08-14,3766100.0,184.06,165.1,148.42,134.74,34.61,75.0,10.428,7.0635,3.3645,191.69,158.3,124.91,1.8836,183.56,0,0
ABT,Abbott Laboratories,NYSE,Health Care,Pharmaceuticals,2026-08-14,5575600.0,111.25,108.03,97.63,107.36,33.12,72.81,3.8865,3.7372,0.1493,113.08,106.14,99.19,1.0353,111.72,0,0
ADI,"Analog Devices, Inc.",NASD,Technology,Semiconductors,2026-08-14,2115900.0,389.39,376.04,391.57,338.22,14.35,54.1,-0.8042,-3.5411,2.7369,395.71,376.53,357.35,2.6604,386.2,0,0
ADM,Archer Daniels Midland Co.,NYSE,Consumer Staples,Food Products,2026-08-14,2065800.0,80.45,79.6,80.03,70.4,17.77,50.32,-0.341,-0.2048,-0.1363,87.88,81.45,75.01,0.2905,80.18,0,0
ADP,"Automatic Data Processing, Inc.",NASD,Industrial,Business Support Services,2026-08-14,1457300.0,272.96,270.46,245.12,235.36,38.77,62.62,8.4878,8.8954,-0.4076,285.42,263.95,242.48,2.3417,273.4,0,0
ADSK,"Autodesk, Inc.",NASD,Technology,Software,2026-08-14,1395400.0,251.66,244.43,217.56,250.8,26.91,63.41,10.6949,9.0938,1.6012,268.21,234.77,201.33,3.1416,252.87,0,0
AEHR,Aehr Test Systems,NASD,Technology,Semiconductors,2026-08-14,3314900.0,134.06,100.39,93.43,57.35,22.42,67.58,10.5396,5.3609,5.1786,134.65,95.87,57.09,9.7191,134.37,0,0
AEM,Agnico Eagle Mines Ltd.,NYSE,Materials,Gold Mining,2026-08-14,2902200.0,186.46,164.9,157.07,183.3,28.1,72.06,8.5713,4.3023,4.269,192.58,158.46,124.34,2.5095,184.96,0,0
AER,AerCap Holdings NV,NYSE,Industrial,Transportation Services,2026-08-14,689500.0,152.45,152.01,147.6,142.49,15.24,54.24,0.85,1.3237,-0.4737,155.92,151.5,147.08,1.2043,151.28,80,0
AFL,"Aflac, Inc.",NYSE,Financial,Life Insurance,2026-08-14,1439300.0,121.45,124.86,121.34,114.09,21.3,43.52,-0.0463,0.8703,-0.9166,129.89,124.79,119.69,0.4101,121.07,100,0
AFRM,Affirm Holdings Inc.,NASD,Technology,Computer Services,2026-08-14,1974100.0,78.35,75.26,75.47,66.3,12.71,54.89,0.2696,-0.0599,0.3295,79.85,74.6,69.35,1.8562,77.9,0,0
AHR,American Healthcare REIT Inc.,NYSE,Real Estate,Specialty REITs,2026-08-14,4372900.0,54.31,55.13,52.71,50.05,22.43,48.94,0.0196,0.5179,-0.4983,58.86,55.72,52.57,1.0735,53.45,0,0
AJG,Gallagher Arthur J & Co.,NYSE,Financial,Property-Casualty Insurance,2026-08-14,895700.0,251.21,253.78,239.95,233.37,21.82,52.31,2.9836,4.0601,-1.0765,264.52,252.03,239.55,1.4028,252.73,0,0
AKAM,"Akamai Technologies, Inc.",NASD,Technology,Software,2026-08-14,2176600.0,124.99,117.72,122.66,107.4,15.95,55.59,0.0122,-1.326,1.3382,128.81,118.3,107.79,3.6423,126.14,0,0
ALAB,Astera Labs Inc.,NASD,Technology,Semiconductors,2026-08-14,2523600.0,321.61,312.86,355.03,215.8,17.77,48.6,-6.7635,-9.7784,3.0148,361.84,312.04,262.23,3.7944,322.39,0,0
ALL,Allstate Corp.,NYSE,Financial,Property-Casualty Insurance,2026-08-14,1544100.0,261.41,265.56,245.76,217.34,27.08,53.39,4.5487,6.3869,-1.8382,276.06,262.54,249.03,4.46,258.27,0,0
ALLE,Allegion Public Ltd. Co.,NYSE,Industrial,Business Support Services,2026-08-14,1048200.0,164.78,164.17,144.62,151.59,43.53,64.72,6.961,7.1623,-0.2013,178.66,158.99,139.32,1.2272,165.56,0,0
ALLY,Ally Financial Inc.,NYSE,Financial,Banks,2026-08-14,2210600.0,44.91,44.07,44.71,42.56,17.25,53.99,-0.0899,-0.1867,0.0968,45.43,44.11,42.78,0.4116,44.88,0,0
AMAT,"Applied Materials, Inc.",NASD,Technology,Semiconductors,2026-08-14,13132300.0,507.18,516.25,558.92,388.68,10.93,44.92,-7.3895,-8.9333,1.5438,582.44,524.38,466.33,13.7948,524.1,0,0
AMD,"Advanced Micro Devices, Inc.",NASD,Technology,Semiconductors,2026-08-14,25570200.0,514.39,480.56,510.4,324.33,10.01,53.73,-6.1201,-7.697,1.5769,553.6,494.24,434.89,15.6493,504.5,0,0
AME,"Ametek, Inc.",NYSE,Industrial,Diversified Industrials,2026-08-14,1577100.0,254.79,249.62,238.6,222.6,21.07,62.96,5.5156,4.7026,0.8131,262.19,246.55,230.91,1.863,256.49,0,0
AMGN,"Amgen, Inc.",NASD,Health Care,Biotechnology,2026-08-14,2036700.0,415.21,401.91,370.22,349.38,39.06,70.02,14.3691,12.5176,1.8515,429.75,392.34,354.93,1.2857,416.06,0,0
AMKR,"Amkor Technology, Inc.",NASD,Technology,Semiconductors,2026-08-14,3233800.0,58.99,52.57,67.98,54.9,19.89,49.49,-3.1509,-4.4279,1.2769,69.64,56.17,42.69,2.2258,59.03,0,0
AMZN,"Amazon.com, Inc.",NASD,Consumer Discretionary,Broadline Retailers,2026-08-14,27251600.0,262.65,263.63,248.17,237.7,26.87,53.49,6.6097,6.2173,0.3925,294.45,256.52,218.59,5.5053,261.48,0,0
ANET,"Arista Networks, Inc.",NYSE,Technology,Telecom Equipment,2026-08-14,4707400.0,198.82,188.22,173.89,148.26,25.38,59.66,8.3884,6.4299,1.9585,210.77,183.76,156.75,6.3329,204.56,0,0
AON,Aon Corp.,NYSE,Financial,Insurance Brokers,2026-08-14,704400.0,355.83,361.25,348.12,337.16,20.63,49.48,1.4361,3.4572,-2.021,375.27,360.84,346.4,1.747,355.41,0,0
APA,APA Corporation,NASD,Energy,Exploration & Production,2026-08-14,3961300.0,40.47,37.77,35.58,32.1,19.48,64.98,1.3623,0.9134,0.4489,41.25,37.15,33.04,0.3953,40.07,0,0
APGE,Apogee Therapeutics Inc.,NASD,Health Care,Biotechnology,2026-08-14,1479700.0,134.55,134.39,123.51,86.93,64.34,76.23,2.586,3.5628,-0.9768,134.77,134.34,133.91,0.0845,134.49,0,0
APH,Amphenol Corp.,NYSE,Technology,Electrical Components,2026-08-14,4482300.0,167.11,164.22,159.64,144.12,12.91,56.14,3.2665,2.7825,0.484,177.85,161.22,144.59,1.3674,167.02,0,0
APO,Apollo Global Management LLC,NYSE,Financial,Asset Managers,2026-08-14,2559000.0,140.76,130.95,126.48,127.4,27.8,65.45,4.4514,2.5141,1.9373,143.57,127.74,111.92,3.8619,143.21,0,0
AR,Antero Resources Corp.,NYSE,Energy,Exploration & Production,2026-08-14,3184600.0,37.37,35.94,34.92,35.88,16.82,59.7,0.6497,0.3829,0.2668,38.11,35.48,32.86,0.3466,37.23,0,0
ARES,"Ares Management, LP",NYSE,Financial,Specialty Finance,2026-08-14,2021300.0,144.02,136.97,126.89,133.95,31.43,63.44,5.8259,4.5247,1.3012,151.13,132.74,114.34,3.7706,147.13,0,0
ARM,Arm Holdings Plc,NASD,Technology,Semiconductors,2026-08-14,2102000.0,279.44,262.92,311.3,195.03,16.39,50.14,-6.3252,-10.9381,4.6129,303.33,266.66,229.98,4.7972,279.85,0,0
ARMK,Aramark,NYSE,Consumer Discretionary,Restaurants & Bars,2026-08-14,2923500.0,62.39,57.92,56.24,45.05,28.37,75.7,1.1873,0.7082,0.4791,61.3,57.61,53.92,2.2668,62.81,0,0
ASML,ASML Holding NV,NASD,Technology,Semiconductors,2026-08-14,928900.0,1844.08,1709.07,1775.72,1428.39,13.28,59.47,16.3033,-5.5075,21.8108,1892.19,1724.28,1556.37,41.2865,1860.94,0,0
ASND,Ascendis Pharma A/S,NASD,Health Care,Biotechnology,2026-08-14,650300.0,248.5,249.95,248.08,228.47,13.95,46.3,-0.6538,-0.2569,-0.397,259.24,250.91,242.58,3.9292,247.56,0,0
ASX,Advanced Semiconductor,NYSE,Technology,Semiconductors,2026-08-14,5109300.0,39.54,36.89,38.79,26.43,10.23,54.54,0.0604,-0.3787,0.4392,41.87,37.34,32.81,0.7579,39.92,0,0
ATI,Allegheny Technologies,NYSE,Materials,Steel,2026-08-14,1226200.0,228.48,209.16,196.86,150.01,29.01,70.34,10.8662,7.6592,3.207,240.98,204.88,168.78,1.2028,228.42,0,0
AU,Anglogold Ashanti Ltd.,NYSE,Materials,Gold Mining,2026-08-14,1211700.0,96.3,88.43,84.25,92.2,17.19,65.22,3.9212,2.1699,1.7513,101.32,85.55,69.79,1.0109,95.94,0,0
AVGO,Broadcom Inc.,NASD,Technology,Semiconductors,2026-08-14,29513500.0,392.99,405.05,390.47,369.2,14.34,46.5,6.76,6.181,0.579,434.53,399.5,364.46,10.3039,401.66,0,0
AVT,"Avnet, Inc.",NASD,Technology,Electrical Components,2026-08-14,884800.0,95.71,92.84,89.03,68.56,16.39,60.62,2.64,2.1332,0.5068,100.6,91.62,82.65,0.7264,95.8,0,0
AWK,American Water Works Co. Inc.,NYSE,Utilities,Water,2026-08-14,1728100.0,136.2,135.41,131.51,130.94,13.24,56.45,1.109,1.1819,-0.0729,138.36,134.92,131.49,0.5583,136.2,0,0
AXTI,American Xtal Technology,NASD,Technology,Semiconductors,2026-08-14,9632500.0,81.64,67.04,69.19,50.25,28.14,59.33,4.2811,0.9311,3.35,91.11,62.25,33.39,2.9825,80.92,0,0
BAC,Bank Of America Corp.,NYSE,Financial,Banks,2026-08-14,21847900.0,64.49,63.1,59.64,54.17,36.62,68.43,1.377,1.3636,0.0134,65.0,62.61,60.22,0.3484,64.53,0,0
BAH,Booz Allen Hamilton Holding Corp.,NYSE,Industrial,Business Support Services,2026-08-14,1036200.0,77.46,74.2,69.46,79.62,30.37,64.45,2.8719,2.0956,0.7763,81.45,72.16,62.88,0.4099,77.94,0,0
BAM,Brookfield Asset Management Ltd.,NYSE,Financial,Asset Managers,2026-08-14,2859200.0,54.31,51.83,48.09,49.27,32.72,64.81,2.0835,1.5672,0.5163,56.95,50.27,43.6,1.0347,55.26,0,0
BAX,Baxter Intl Inc.,NYSE,Health Care,Medical Supplies,2026-08-14,4957200.0,26.73,26.89,22.94,19.8,42.22,60.8,1.3938,1.467,-0.0732,30.18,25.5,20.81,0.4023,26.69,0,0
BBH,VanEck Biotech ETF,NASD,,,2026-08-14,3400.0,218.04,212.84,202.5,193.02,24.34,66.5,4.7542,3.9402,0.8139,222.97,209.92,196.86,0.758,218.78,0,0
BBIO,BridgeBio Pharma Inc.,NASD,Health Care,Biotechnology,2026-08-14,3094000.0,79.86,82.57,77.19,72.71,29.41,46.11,1.0644,1.6868,-0.6223,85.85,82.64,79.43,1.811,80.24,0,0
BBY,"Best Buy Co, Inc.",NYSE,Consumer Discretionary,Specialty Retailers,2026-08-14,2920900.0,86.42,85.17,80.87,71.0,18.95,57.92,0.9251,1.3832,-0.4581,90.33,85.4,80.47,1.5242,86.11,0,0
BDX,Becton Dickinson and Co.,NYSE,Health Care,Medical Supplies,2026-08-14,1009000.0,183.4,174.34,157.81,171.4,38.52,75.72,7.6009,6.3123,1.2886,189.61,168.52,147.43,1.4438,183.62,0,0
BE,Bloom Energy Corp.,NYSE,Industrial,Industrial Suppliers,2026-08-14,12235400.0,229.94,214.13,247.24,184.56,17.44,51.08,-3.599,-8.9971,5.3981,253.69,211.48,169.28,11.7939,237.77,0,0
BEN,"Franklin Resources, Inc.",NYSE,Financial,Asset Managers,2026-08-14,2929100.0,33.86,33.9,33.18,27.67,14.5,53.03,0.243,0.2955,-0.0524,35.42,33.49,31.57,0.196,33.87,0,0
BETA,BETA Technologies Inc.,NYSE,Industrial,Aerospace,2026-08-14,3435400.0,24.86,21.77,18.5,,26.88,67.51,1.95,1.4351,0.5149,26.48,20.84,15.21,0.9065,25.41,0,0
BHP,BHP Group Limited,NYSE,Materials,General Mining,2026-08-14,2410400.0,86.78,87.19,84.86,73.68,13.32,51.86,1.4125,1.2382,0.1744,91.84,86.02,80.21,1.6064,86.87,0,0
BIIB,Biogen Inc.,NASD,Health Care,Biotechnology,2026-08-14,554800.0,209.83,206.94,203.34,186.38,17.38,55.35,1.7587,1.3642,0.3945,212.46,205.05,197.64,2.3979,210.51,0,0
BILL,Bill.com Holdings Inc.,NYSE,Technology,Software,2026-08-14,1807900.0,49.78,48.0,40.84,43.77,27.27,62.96,2.4524,2.3681,0.0843,51.87,46.65,41.42,0.8801,50.28,0,0
BKNG,Booking Holdings Inc.,NASD,Consumer Discretionary,Travel & Tourism,2026-08-14,4105800.0,212.06,204.71,183.55,2677.39,31.45,61.93,5.7697,2.9342,2.8355,224.84,196.99,169.14,0.466,212.45,0,0
BKR,Baker Hughes Company,NASD,Energy,Oil Equipment & Services,2026-08-14,6692500.0,64.82,61.96,59.4,57.35,22.12,65.14,1.6505,1.1371,0.5134,66.49,60.48,54.47,0.5175,64.31,0,0
BLK,"Blackrock, Inc.",NYSE,Financial,Asset Managers,2026-08-14,515000.0,1173.73,1130.02,1053.23,1053.87,31.54,69.06,33.9273,28.1689,5.7584,1194.84,1106.21,1017.58,18.1795,1183.28,0,0
BMRN,"BioMarin Pharmaceutical, Inc.",NASD,Health Care,Biotechnology,2026-08-14,1413400.0,67.36,63.89,59.55,56.87,28.58,66.07,2.6289,1.8969,0.7319,70.33,62.48,54.64,0.9722,68.1,0,0
BMY,Bristol Myers Squibb Co.,NYSE,Health Care,Pharmaceuticals,2026-08-14,7529800.0,63.83,64.38,59.58,56.6,42.68,56.54,1.3572,1.5954,-0.2383,66.7,63.47,60.24,0.5138,63.93,0,0
BNS,The Bank of Nova Scotia,NYSE,Financial,Banks,2026-08-14,1018500.0,91.54,88.65,86.71,76.49,24.61,66.28,1.0837,0.8493,0.2343,90.9,88.18,85.46,1.1203,91.54,0,0
BNY,Bank of New York Mellon Corp,NYSE,Financial,Asset Managers,2026-08-14,1924700.0,163.24,158.41,151.91,,38.55,68.59,4.0617,4.5036,-0.4419,163.63,158.54,153.45,1.4982,163.54,100,0
BP,BP Amoco PLC,NYSE,Energy,Integrated Oil & Gas,2026-08-14,6482000.0,42.53,42.89,41.23,40.21,16.3,51.39,0.3927,0.5049,-0.1122,44.9,42.93,40.97,0.2024,42.66,0,0
BR,"Broadridge Financial Solutions, LLC",NYSE,Industrial,Business Support Services,2026-08-14,587600.0,171.01,164.51,150.39,180.39,28.19,64.71,6.364,5.2822,1.0818,178.72,159.42,140.12,1.4014,170.68,0,0
BSY,"Bentley Systems, Inc.",NASD,Technology,Software,2026-08-14,2739200.0,36.24,35.87,32.47,36.3,19.1,60.99,1.1234,1.0736,0.0497,38.94,34.53,30.13,0.443,36.45,0,0
BTSG,BrightSpring Health Services Inc.,NASD,Health Care,Health Care Providers,2026-08-14,1606000.0,61.71,63.19,66.23,48.11,30.84,44.28,-2.1098,-1.4223,-0.6875,76.4,65.61,54.82,1.3747,60.76,0,0
BUG,Global X Cybersecurity ETF,NASD,,,2026-08-14,1244800.0,43.09,40.73,38.19,31.6,30.97,63.7,1.4654,1.1178,0.3477,44.65,40.06,35.48,0.6002,43.58,0,0
BURL,"Burlington Stores, Inc.",NYSE,Consumer Discretionary,Apparel Retailers,2026-08-14,990900.0,347.67,365.3,341.28,310.67,23.12,45.18,5.021,8.2997,-3.2787,380.31,361.13,341.94,7.9255,347.16,0,0
BWA,"BorgWarner, Inc.",NYSE,Consumer Discretionary,Auto Parts,2026-08-14,1562600.0,68.66,66.09,67.29,56.02,21.65,58.69,0.8932,0.2717,0.6214,70.37,65.36,60.34,0.6113,68.26,0,0
BX,Blackstone Group Inc.,NYSE,Financial,Asset Managers,2026-08-14,3805000.0,143.93,137.58,126.28,131.08,26.38,63.31,5.862,4.6225,1.2394,150.17,134.19,118.2,2.6542,147.04,-100,0
C,"Citigroup, Inc.",NYSE,Financial,Banks,2026-08-14,6829900.0,139.33,134.85,137.05,120.7,16.36,58.83,0.679,-0.1079,0.787,140.05,133.94,127.84,1.6067,139.56,0,0
CAH,"Cardinal Health, Inc.",NYSE,Health Care,Medical Supplies,2026-08-14,1687800.0,235.17,234.23,229.23,212.59,23.34,54.04,2.2275,2.4161,-0.1886,241.98,231.8,221.61,3.0044,233.01,100,0
CAKE,Cheesecake Factory Inc.,NASD,Consumer Discretionary,Restaurants & Bars,2026-08-14,1410500.0,113.38,106.43,86.09,63.96,64.07,75.87,8.674,7.9118,0.7622,122.33,100.26,78.18,2.1182,114.0,0,0
CART,Maplebear Inc.,NASD,Consumer Discretionary,Special Consumer Services,2026-08-14,2953700.0,48.88,47.11,45.65,41.4,17.62,57.66,1.0832,0.6878,0.3954,51.11,46.26,41.42,0.7688,48.94,0,0
CAT,"Caterpillar, Inc.",NYSE,Industrial,Commercial Vehicles,2026-08-14,1894800.0,856.57,840.86,912.53,754.39,14.56,46.49,-16.6778,-20.9546,4.2769,911.2,853.61,796.02,7.6532,859.39,0,0
CAVA,Cava Group Inc.,NYSE,Consumer Discretionary,Restaurants & Bars,2026-08-14,3593900.0,74.42,65.66,72.62,70.82,22.54,61.69,-0.7244,-2.3035,1.5791,71.76,64.93,58.09,5.5369,75.1,0,0
CB,Chubb Ltd.,NYSE,Financial,Property-Casualty Insurance,2026-08-14,2433200.0,343.64,350.46,343.46,322.15,13.24,45.23,-0.0585,1.7442,-1.8027,363.27,351.45,339.62,1.9727,342.97,-100,0
CBRE,"CBRE Group, Inc.",NYSE,Real Estate,Real Estate Services,2026-08-14,950700.0,152.86,148.64,139.93,147.45,24.61,62.9,3.0222,2.8091,0.2132,155.89,145.69,135.49,3.267,153.16,0,0
CCEP,Coca-Cola Europacific Partners Plc,NASD,Consumer Staples,Soft Drinks,2026-08-14,1280300.0,107.64,108.42,103.69,96.36,19.31,54.2,0.9565,1.4043,-0.4478,111.87,107.63,103.39,0.6023,107.79,0,0
CDW,CDW Corp.,NASD,Technology,Computer Services,2026-08-14,1173400.0,139.42,142.49,136.19,132.14,23.66,50.97,1.0952,1.8474,-0.7522,153.0,139.32,125.64,2.4318,140.52,0,0
CF,"CF Industries Holdings, Inc.",NYSE,Materials,Specialty Chemicals,2026-08-14,1277100.0,118.3,120.0,114.95,104.74,18.78,49.3,0.2069,0.9291,-0.7222,129.21,121.27,113.34,1.6048,117.51,0,0
CFG,Citizens Financial Group Inc.,NYSE,Financial,Banks,2026-08-14,1918800.0,74.73,72.94,70.37,62.57,16.42,64.27,1.028,0.9819,0.0461,74.56,72.59,70.63,0.7532,74.73,0,0
CFR,Cullen Frost Bankers Inc.,NYSE,Financial,Banks,2026-08-14,608200.0,170.08,166.77,157.04,140.36,19.75,68.32,3.1545,3.3756,-0.2211,170.45,165.55,160.66,1.6496,169.96,100,0
CGNX,Cognex Corp.,NASD,Technology,Electronic Equipment,2026-08-14,2394600.0,65.63,64.65,64.7,51.96,14.49,52.2,-0.1284,0.0678,-0.1962,70.72,64.02,57.33,1.7994,63.28,0,0
CHD,"Church & Dwight Co, Inc.",NYSE,Consumer Staples,Nondurable Home Products,2026-08-14,1426500.0,101.3,101.39,98.34,93.8,11.38,55.12,1.26,1.2675,-0.0075,105.17,100.13,95.09,0.8749,100.9,0,0
CHEF,"Chefs' Warehouse, Inc.",NASD,Consumer Staples,Food Retailers,2026-08-14,2760400.0,109.08,109.5,97.95,73.66,25.3,59.57,4.1152,4.2687,-0.1535,119.63,105.13,90.64,1.2913,110.75,0,0
CHYM,Chime Financial Inc.,NASD,Financial,Consumer Finance,2026-08-14,5165700.0,32.02,27.45,21.81,21.73,44.3,77.01,3.0067,2.2966,0.7101,34.26,25.68,17.1,0.4612,32.23,0,0
CIEN,CIENA Corp.,NYSE,Technology,Telecom Equipment,2026-08-14,2518900.0,428.77,395.43,428.08,363.2,19.1,53.73,-2.1541,-11.0207,8.8666,447.24,394.82,342.41,23.5311,443.39,0,0
CLH,"Clean Harbors, Inc.",NYSE,Industrial,Waste & Disposal Services,2026-08-14,552800.0,321.98,313.36,301.26,274.75,18.67,65.6,4.2341,3.6571,0.577,323.75,311.04,298.32,4.6889,322.61,0,0
CLS,"Celestica, Inc.",NYSE,Technology,Electrical Components,2026-08-14,2443300.0,335.05,336.97,349.81,330.09,11.99,49.34,-3.6791,-5.1395,1.4604,368.94,332.93,296.93,14.3774,344.91,-100,0
CNC,Centene Corp.,NYSE,Health Care,Health Care Providers,2026-08-14,2267800.0,67.47,64.69,64.93,48.12,19.27,56.51,0.568,0.2967,0.2713,68.56,64.81,61.06,0.9022,66.99,0,0
CNQ,Canadian Natural Resources Ltd.,NYSE,Energy,Exploration & Production,2026-08-14,8047900.0,47.97,46.56,43.92,41.16,19.44,63.1,1.0508,0.9235,0.1273,48.7,46.24,43.78,0.2282,47.89,0,0
COF,Capital One Fncl Corp.,NYSE,Financial,Consumer Finance,2026-08-14,2972600.0,227.34,217.93,204.11,207.63,22.69,70.2,5.8276,5.0482,0.7794,229.84,213.76,197.68,3.1239,226.63,0,0
COHR,Coherent Corp.,NYSE,Technology,Electronic Equipment,2026-08-14,8757800.0,325.83,306.66,337.31,265.55,17.46,51.31,3.7944,-3.3884,7.1828,381.0,303.75,226.5,11.6306,332.52,0,0
COLB,"Columbia Banking System, Inc.",NASD,Financial,Banks,2026-08-14,2543400.0,32.69,31.56,31.55,29.36,15.18,60.92,0.1367,0.0322,0.1046,33.06,31.72,30.38,0.519,32.79,0,0
COP,ConocoPhillips,NYSE,Energy,Integrated Oil & Gas,2026-08-14,5626500.0,126.78,120.41,114.38,109.42,18.35,64.94,3.157,2.3477,0.8093,127.35,119.69,112.03,1.5579,126.73,0,0
CORT,Corcept Therapeutics Inc.,NASD,Health Care,Pharmaceuticals,2026-08-14,728900.0,114.47,109.66,92.89,63.62,44.37,64.82,6.5593,6.6307,-0.0714,123.88,104.83,85.78,1.4734,112.51,0,0
CP,Canadian Pacific Kansas City Limited,NYSE,Industrial,Railroad,2026-08-14,2714600.0,93.5,91.23,89.81,81.52,18.07,59.82,0.8203,0.6129,0.2074,94.01,91.37,88.73,1.2123,94.1,0,0
CRBG,Corebridge Financial Inc.,NYSE,Financial,Specialty Finance,2026-08-14,2685500.0,34.47,32.99,30.55,28.81,31.71,66.26,1.0683,0.9553,0.113,35.01,32.51,30.01,0.4323,34.26,0,0
CRDO,Credo Technology Group Holding Ltd.,NASD,Technology,Telecom Equipment,2026-08-14,3384500.0,259.9,230.05,239.39,171.09,17.32,57.86,7.5899,1.3542,6.2357,274.53,227.14,179.76,10.8595,267.98,0,0
CRL,Charles River Laboratorie,NYSE,Health Care,Biotechnology,2026-08-14,750300.0,280.05,257.55,223.88,191.34,42.15,76.21,17.1819,13.8706,3.3113,294.67,247.19,199.7,2.4213,282.01,0,0
CRM,"Salesforce.com, Inc.",NYSE,Technology,Software,2026-08-14,8664700.0,196.21,190.71,172.5,202.2,18.1,60.49,7.643,6.415,1.2281,208.63,183.54,158.46,2.5887,197.43,0,0
CRNX,"Crinetics Pharmaceuticals, Inc.",NASD,Health Care,Pharmaceuticals,2026-08-14,2279000.0,84.7,84.04,63.78,48.12,77.77,90.47,4.8563,6.3272,-1.4709,84.57,83.97,83.36,0.1771,84.66,100,0
CROX,"Crocs, Inc.",NASD,Consumer Discretionary,Footwear,2026-08-14,756500.0,131.72,133.58,129.11,100.06,15.15,49.64,1.2404,2.0731,-0.8327,141.29,133.94,126.58,2.6883,130.54,0,0
CRWD,"CrowdStrike Holdings, Inc.",NASD,Technology,Software,2026-08-14,6750200.0,216.95,206.71,386.8,455.64,35.23,37.03,-34.2962,-51.4638,17.1676,233.27,200.94,168.62,3.0874,219.71,-100,0
CRWV,CoreWeave Inc.,NASD,Technology,Software,2026-08-14,33337900.0,105.26,86.8,90.66,92.95,20.84,62.81,4.1184,0.1733,3.9451,109.23,83.71,58.2,8.4836,109.6,0,0
CSCO,"Cisco Systems, Inc.",NASD,Technology,Telecom Equipment,2026-08-14,29415100.0,111.68,117.94,117.42,91.97,16.91,41.76,0.6452,0.9865,-0.3413,124.81,116.39,107.97,4.9077,112.68,0,0
CSX,CSX Corp.,NASD,Industrial,Railroad,2026-08-14,5625200.0,50.16,50.4,48.99,42.02,19.43,51.29,0.2713,0.4926,-0.2213,52.52,50.67,48.82,0.0786,50.14,0,0
CTAS,Cintas Corp.,NASD,Industrial,Business Support Services,2026-08-14,1612700.0,199.52,204.92,189.0,185.55,29.59,51.03,3.3794,5.105,-1.7257,213.57,204.63,195.69,2.0392,200.15,0,0
CTSH,Cognizant Technology Solutions Corp.,NASD,Technology,Computer Services,2026-08-14,10665300.0,58.79,56.45,48.33,63.56,33.05,71.51,3.5127,3.0135,0.4993,64.59,52.87,41.14,0.3871,58.97,0,0
CVE,Cenovus Energy Inc.,NYSE,Energy,Integrated Oil & Gas,2026-08-14,6534500.0,31.01,29.35,27.57,23.49,20.28,64.92,0.7604,0.6126,0.1478,31.12,29.2,27.28,0.5196,30.97,0,0
CVNA,Carvana Co.,NYSE,Consumer Discretionary,Specialty Retailers,2026-08-14,5472300.0,75.59,69.07,67.17,269.87,19.94,58.68,0.403,-1.4281,1.8311,76.46,67.21,57.95,1.2724,74.49,0,0
CVS,CVS Health Corp.,NYSE,Health Care,Pharmaceuticals,2026-08-14,9439200.0,97.16,100.13,102.28,85.37,35.1,40.54,-2.3079,-1.1863,-1.1215,113.82,102.49,91.16,1.2012,96.11,0,0
CVX,Chevron Corp.,NYSE,Energy,Integrated Oil & Gas,2026-08-14,7910400.0,200.0,192.87,183.99,177.33,21.91,64.51,3.694,3.1795,0.5146,200.13,192.66,185.19,1.6723,199.42,0,0
CYTK,Cytokinetics Inc.,NASD,Health Care,Biotechnology,2026-08-14,1756900.0,74.13,77.47,78.84,68.83,13.76,38.88,-1.4041,-0.7558,-0.6483,83.46,78.51,73.57,1.4791,73.49,0,0
CZR,"Caesars Entertainment, Inc.",NASD,Consumer Discretionary,Gambling,2026-08-14,3486000.0,29.75,29.86,29.79,25.75,15.83,47.96,0.0132,0.0622,-0.049,30.22,29.88,29.55,0.1568,29.63,0,0
D,"Dominion Energy, Inc.",NYSE,Utilities,Multiutilities,2026-08-14,1951400.0,68.77,68.65,68.98,63.61,21.8,49.09,-0.3639,-0.2155,-0.1484,71.97,69.26,66.55,0.5577,68.86,0,0
DAL,Delta Air Lines Inc.,NYSE,Industrial,Airlines,2026-08-14,4459800.0,89.35,90.19,87.11,72.44,24.63,51.91,1.2344,1.302,-0.0676,94.85,88.45,82.06,0.7684,90.28,0,0
DAR,Darling Ingredients Inc.,NYSE,Consumer Staples,Food Products,2026-08-14,2061900.0,67.04,61.27,59.13,51.12,16.9,66.31,1.2903,0.7334,0.5569,66.75,61.82,56.89,1.8034,66.64,0,0
DASH,DoorDash Inc.,NASD,Consumer Discretionary,Special Consumer Services,2026-08-14,2626300.0,217.02,206.43,185.16,188.44,28.36,68.38,9.0263,7.7272,1.2991,227.39,198.59,169.8,2.7028,217.24,0,0
DBX,"Dropbox, Inc.",NASD,Technology,Software,2026-08-14,3250700.0,34.42,33.9,29.75,27.29,25.46,60.79,1.5494,1.5041,0.0452,37.13,32.57,28.01,0.7731,34.83,0,0
DD,"DuPont de Nemours, Inc.",NYSE,Materials,Specialty Chemicals,2026-08-14,1108600.0,146.26,142.4,115.19,63.08,37.25,70.22,7.0438,8.6164,-1.5725,147.54,141.14,134.74,1.5085,145.96,100,0
DDOG,Datadog Inc.,NASD,Technology,Software,2026-08-14,4423200.0,255.46,258.29,248.81,172.27,16.55,50.78,0.2583,2.4278,-2.1695,285.87,256.15,226.42,6.8813,250.26,0,0
DE,Deere & Co.,NYSE,Industrial,Commercial Vehicles,2026-08-14,802300.0,608.85,612.95,602.23,555.45,20.66,50.16,3.7491,4.4354,-0.6862,637.06,611.23,585.41,4.4653,612.36,0,0
DELL,"Dell Technologies, Inc.",NYSE,Technology,Computer Hardware,2026-08-14,3992800.0,490.81,442.21,422.13,229.82,13.54,61.66,19.6833,13.832,5.8513,504.9,436.11,367.32,20.8037,497.61,0,0
DGX,Quest Diagnostics Inc.,NYSE,Health Care,Health Care Providers,2026-08-14,541800.0,234.4,235.73,215.36,196.6,37.54,64.17,6.7787,7.4026,-0.6239,250.41,230.61,210.8,1.2939,235.08,0,0
DINO,HF Sinclair Corporation,NYSE,Energy,Exploration & Production,2026-08-14,2555100.0,93.67,87.98,79.22,62.28,26.57,66.54,2.4718,2.6298,-0.158,95.3,88.64,81.98,3.3843,93.49,0,0
DIOD,Diodes Inc.,NASD,Technology,Semiconductors,2026-08-14,2219200.0,103.48,92.31,98.77,76.59,18.2,56.56,1.795,-0.5879,2.3828,109.81,91.71,73.6,3.2412,102.18,0,0
DIS,Walt Disney Co.,NYSE,Communication Services,Entertainment,2026-08-14,8176800.0,106.85,101.35,99.19,104.24,19.71,67.52,1.9186,1.0382,0.8803,107.61,99.59,91.56,1.3971,106.04,0,0
DKNG,DraftKings Inc,NASD,Consumer Discretionary,Gambling,2026-08-14,8889800.0,26.14,24.15,25.32,27.13,16.53,60.3,0.0575,-0.3132,0.3708,26.16,23.95,21.74,0.604,26.11,0,0
DLR,"Digital Realty Trust, Inc.",NYSE,Real Estate,Specialty REITs,2026-08-14,2369200.0,200.15,193.31,186.07,177.13,23.51,63.07,3.5764,2.7638,0.8127,204.56,190.73,176.89,3.6888,200.28,0,0
DLTR,"Dollar Tree, Inc.",NASD,Consumer Staples,General Retailers,2026-08-14,1653400.0,129.39,128.99,121.72,115.04,29.07,57.65,2.3164,2.6651,-0.3487,133.97,127.19,120.41,0.5666,129.29,0,0
DNTH,Dianthus Therapeutics Inc.,NASD,Health Care,Biotechnology,2026-08-14,903400.0,115.96,109.38,97.22,70.44,24.53,62.03,4.1039,4.0834,0.0205,115.85,107.7,99.54,2.5832,113.54,100,0
DOCN,DigitalOcean Holdings Inc.,NYSE,Technology,Computer Services,2026-08-14,2027400.0,129.92,123.57,140.76,91.81,11.43,50.61,-1.7511,-3.8535,2.1023,141.43,125.16,108.89,4.4055,131.58,0,0
DOCU,"Docusign, Inc.",NASD,Technology,Software,2026-08-14,3961500.0,62.04,58.13,50.17,54.13,22.61,64.9,3.2275,2.7426,0.4848,64.6,55.75,46.91,2.145,62.55,0,0
DRI,"Darden Restaurants, Inc.",NYSE,Consumer Discretionary,Restaurants & Bars,2026-08-14,678000.0,225.26,213.39,206.1,198.15,30.36,67.84,5.6782,3.3965,2.2817,229.03,208.21,187.38,3.7094,226.5,0,0
DT,Dynatrace Inc.,NYSE,Technology,Software,2026-08-14,5858300.0,49.14,47.49,44.11,41.28,20.89,60.16,1.8415,1.4662,0.3753,52.68,45.99,39.3,0.619,49.58,-100,0
DVN,Devon Energy Corp.,NYSE,Energy,Exploration & Production,2026-08-14,8917900.0,45.85,44.22,43.55,42.41,10.11,58.06,0.3712,0.2058,0.1654,46.27,44.27,42.26,0.4981,45.17,0,0
DXCM,DexCom Inc.,NASD,Health Care,Medical Supplies,2026-08-14,3858900.0,89.75,84.42,76.11,68.69,28.87,67.39,4.5296,3.5958,0.9338,95.33,80.96,66.59,1.3047,91.07,-100,0
EAT,"Brinker Intl, Inc.",NYSE,Consumer Discretionary,Restaurants & Bars,2026-08-14,824700.0,237.15,222.85,185.69,154.25,50.17,68.68,15.4068,14.0507,1.3561,249.84,213.12,176.41,8.6283,241.35,0,0
EBAY,"eBay, Inc.",NASD,Consumer Discretionary,Special Consumer Services,2026-08-14,2760500.0,103.14,109.57,110.57,97.26,15.61,38.6,-1.9626,-0.9113,-1.0513,118.21,110.21,102.2,1.9458,102.63,0,0
ELF,"e.l.f. Beauty, Inc.",NYSE,Consumer Staples,Personal Products,2026-08-14,1783000.0,91.44,88.87,74.69,75.6,37.6,62.64,5.493,5.3856,0.1075,99.0,86.02,73.04,1.5479,91.18,0,0
ELV,"Elevance Health, Inc.",NYSE,Health Care,Health Care Providers,2026-08-14,730700.0,400.32,388.38,396.51,353.38,12.7,55.8,1.0441,-1.3507,2.3948,403.68,386.87,370.06,3.505,399.77,0,0
EMBJ,Embraer Aircraft,NYSE,Industrial,Aerospace,2026-08-14,1449300.0,75.38,71.51,64.97,,36.0,68.93,2.7056,2.3726,0.333,76.42,69.85,63.28,1.3034,74.95,0,0
EMR,Emerson Electric Co.,NYSE,Industrial,Diversified Industrials,2026-08-14,2144500.0,163.17,157.26,146.11,141.05,36.93,66.64,5.773,4.7549,1.0181,170.3,152.96,135.62,2.1135,164.6,0,0
ENS,EnerSys Inc.,NYSE,Technology,Electrical Components,2026-08-14,662900.0,203.4,188.74,206.93,181.82,24.54,56.33,-3.1691,-5.5275,2.3584,204.42,190.92,177.41,7.1105,201.08,0,0
ENTG,"Entegris, Inc.",NASD,Technology,Semiconductors,2026-08-14,1434500.0,161.76,139.46,145.71,122.07,17.99,60.91,4.6603,0.2611,4.3992,168.8,137.73,106.67,7.6456,165.95,0,0
EOG,"EOG Resources, Inc.",NYSE,Energy,Exploration & Production,2026-08-14,1927900.0,142.61,141.92,137.93,125.64,13.42,53.22,0.9271,1.1544,-0.2272,149.91,142.38,134.86,0.7046,142.31,0,0
EPD,Enterprise Products Partn,NYSE,Energy,Pipelines,2026-08-14,7378900.0,38.9,38.12,37.62,35.74,12.7,60.46,0.1162,0.1147,0.0015,39.08,38.28,37.48,0.3836,38.54,0,0
EQNR,Equinor ASA,NYSE,Energy,Integrated Oil & Gas,2026-08-14,2054900.0,40.77,40.06,36.48,32.08,20.97,59.9,1.1772,1.2062,-0.029,42.24,39.78,37.32,0.172,40.68,0,0
ESI,Element Solutions Inc.,NYSE,Materials,Specialty Chemicals,2026-08-14,2157600.0,38.81,37.58,40.72,34.46,19.92,50.51,-0.497,-0.8758,0.3789,39.82,37.64,35.45,0.6716,39.13,0,0
ESTC,Elastic NV,NYSE,Technology,Software,2026-08-14,3349500.0,86.68,72.41,63.44,63.95,35.23,85.36,5.8342,3.8973,1.9369,85.63,68.63,51.63,4.7926,86.6,0,0
ETN,Eaton Corp.,NYSE,Industrial,Diversified Industrials,2026-08-14,1401300.0,451.51,431.89,413.28,378.04,18.95,60.92,13.8012,10.0481,3.7531,480.47,423.77,367.08,5.5081,455.24,0,0
ETON,"Eton Pharmaceuticals, Inc.",NASD,Health Care,Pharmaceuticals,2026-08-14,2318100.0,58.86,46.06,38.82,25.0,32.81,75.56,2.34,2.186,0.1539,52.84,45.09,37.33,6.81,51.19,0,0
ETSY,Etsy Inc.,NYSE,Consumer Discretionary,Special Consumer Services,2026-08-14,942266.0,79.89,82.87,78.29,,26.1,47.66,0.5645,1.4613,-0.8968,87.26,82.58,77.89,0.4492,80.06,0,0
EW,Edwards Lifesciences Corp.,NYSE,Health Care,Medical Supplies,2026-08-14,2856800.0,91.6,89.41,88.57,84.45,24.97,58.86,1.272,0.6191,0.6529,94.81,87.76,80.7,0.7281,92.19,0,0
EXEL,"Exelixis, Inc.",NASD,Health Care,Biotechnology,2026-08-14,2342500.0,51.24,53.67,54.14,46.53,27.59,41.44,-0.8908,-0.2911,-0.5997,58.33,54.24,50.16,0.9036,50.47,0,0
EXPD,"Expeditors Intl of Washington, Inc.",NYSE,Industrial,Delivery Services,2026-08-14,733200.0,186.12,177.22,170.71,154.54,28.15,66.15,3.797,2.943,0.854,188.08,176.86,165.65,3.9385,187.59,0,0
EXPE,"Expedia, Inc",NASD,Consumer Discretionary,Travel & Tourism,2026-08-14,1334000.0,332.69,311.17,269.47,252.63,38.59,73.59,17.3381,15.0385,2.2996,345.43,297.17,248.91,6.3937,333.25,0,0
FANG,"Diamondback Energy, Inc.",NASD,Energy,Exploration & Production,2026-08-14,986600.0,202.47,196.44,191.11,176.33,15.65,57.48,2.2166,1.7924,0.4242,208.85,197.71,186.58,1.3101,201.66,0,0
FAST,Fastenal Co.,NASD,Industrial,Industrial Suppliers,2026-08-14,5095400.0,51.02,49.99,47.46,44.67,26.93,62.76,1.4331,1.1648,0.2683,53.78,48.79,43.79,0.5391,51.16,0,0
FCX,"Freeport-McMoRan, Inc.",NYSE,Materials,Nonferrous Metals,2026-08-14,8200200.0,66.49,66.27,64.11,58.43,15.8,53.2,1.5811,1.3233,0.2578,71.9,65.15,58.39,1.5137,66.37,0,0
FDS,"Factset Research Sys, Inc.",NYSE,Financial,Investment Services,2026-08-14,1324500.0,283.49,277.87,252.87,247.33,20.64,59.85,9.461,9.0153,0.4456,298.32,270.12,241.92,2.9652,283.74,0,0
FDX,FedEx Corp.,NYSE,Industrial,Delivery Services,2026-08-14,1314900.0,334.64,318.09,319.73,330.31,26.5,61.88,2.6702,-0.8735,3.5437,334.46,316.85,299.24,6.3262,336.86,0,0
FHN,First Horizon National Corp.,NYSE,Financial,Banks,2026-08-14,3446000.0,26.22,25.76,25.41,24.03,11.91,59.18,0.1331,0.1157,0.0174,26.25,25.69,25.14,0.3697,26.27,0,0
FITB,Fifth Third Bancorp,NYSE,Financial,Banks,2026-08-14,3149561.0,58.03,57.32,,,17.39,60.56,0.3147,0.3093,0.0053,58.27,57.34,56.4,0.3428,58.17,0,0
FIVE,"Five Below, Inc.",NASD,Consumer Discretionary,Specialty Retailers,2026-08-14,615300.0,244.54,227.6,201.72,201.37,45.01,74.44,11.6868,9.4464,2.2404,250.18,220.54,190.9,3.8605,243.96,0,0
FLEX,Flex Ltd.,NASD,Technology,Electrical Components,2026-08-14,2391600.0,126.16,119.22,134.64,91.15,17.97,51.45,-2.1095,-3.8349,1.7255,132.69,120.3,107.91,2.2103,126.39,0,0
FLR,Fluor Corp.,NYSE,Industrial,Heavy Construction,2026-08-14,1638600.0,52.37,51.16,51.04,47.29,15.15,52.64,0.5525,0.3773,0.1752,55.35,51.29,47.24,0.3049,52.32,0,0
FLS,Flowserve Corp.,NYSE,Industrial,Industrial Machinery,2026-08-14,1344800.0,80.87,77.95,74.7,75.15,33.1,64.88,2.3784,1.7106,0.6679,85.01,75.55,66.08,0.5962,81.27,0,0
FLY,Firefly Aerospace Inc.,NASD,Industrial,Aerospace,2026-08-14,3305700.0,26.67,23.48,26.14,27.45,24.75,58.37,0.3503,-0.6785,1.0288,28.39,22.5,16.61,0.3574,26.87,0,0
FN,Fabrinet,NYSE,Technology,Electrical Components,2026-08-14,592400.0,570.22,508.29,532.02,536.55,17.93,59.09,11.4263,-2.0038,13.43,600.52,505.79,411.06,21.168,577.69,0,0
FORM,FormFactor Inc.,NASD,Technology,Semiconductors,2026-08-14,820200.0,131.6,113.2,122.24,97.76,13.26,59.54,2.4212,-1.3275,3.7488,136.13,111.65,87.16,7.3902,134.84,0,0
FOXA,Fox Corporation,NASD,Communication Services,Entertainment,2026-08-14,7501400.0,69.04,61.36,57.84,63.19,26.55,75.42,2.3829,1.4447,0.9382,67.0,59.88,52.76,2.4609,67.53,0,0
FROG,JFrog Ltd.,NASD,Technology,Software,2026-08-14,2427800.0,96.17,84.66,85.43,62.74,25.18,63.53,1.9141,0.5162,1.3979,95.66,84.22,72.79,4.4359,95.34,0,0
FSLY,"Fastly, Inc.",NASD,Technology,Software,2026-08-14,3662800.0,29.93,25.03,20.6,,32.62,73.34,2.497,1.7575,0.7396,30.65,23.59,16.52,0.8669,30.13,0,0
FTI,TechnipFMC Plc,NYSE,Energy,Oil Equipment & Services,2026-08-14,3748900.0,78.61,72.32,70.38,61.76,17.47,66.74,1.3499,0.7286,0.6213,78.97,73.1,67.23,1.5332,78.06,0,0
FTNT,Fortinet Inc.,NASD,Technology,Software,2026-08-14,2861500.0,160.01,160.51,154.92,104.47,33.43,51.89,2.5088,2.7652,-0.2565,169.05,158.85,148.64,2.0442,161.51,-100,0
FTV,Fortive Corp.,NYSE,Industrial,Diversified Industrials,2026-08-14,1717900.0,61.62,60.97,61.24,57.45,10.22,52.33,0.1246,0.012,0.1127,63.64,61.07,58.5,0.0949,61.65,0,0
FWONK,Formula One Group,NASD,Communication Services,Entertainment,2026-08-14,2015500.0,103.9,100.73,95.98,92.04,25.47,64.5,1.9029,1.5759,0.327,105.15,99.81,94.47,0.5954,103.99,0,0
GE,GE Aerospace,NYSE,Industrial,Diversified Industrials,2026-08-14,2966200.0,368.38,366.47,356.43,318.44,15.66,55.28,4.1913,4.6918,-0.5005,384.14,360.9,337.67,2.782,365.04,0,0
GEHC,GE HealthCare Technologies Inc.,NASD,Health Care,Medical Equipment,2026-08-14,1623300.0,73.69,70.84,65.74,72.9,27.99,67.02,2.4685,1.9279,0.5406,77.49,68.08,58.68,0.5734,73.6,0,0
GEN,Gen Digital Inc.,NASD,Technology,Software,2026-08-14,3163900.0,28.48,28.33,26.21,24.36,16.82,57.59,0.8597,0.8118,0.0478,30.15,27.63,25.11,0.4023,28.79,-100,0
GEV,GE Vernova LLC,NYSE,Industrial,Industrial Machinery,2026-08-14,1490900.0,1063.25,1000.33,1027.53,857.53,13.06,56.6,-0.5029,-9.1067,8.6038,1092.8,1009.52,926.24,26.143,1067.32,0,0
GH,Guardant Health Inc.,NASD,Health Care,Biotechnology,2026-08-14,2564700.0,157.21,158.86,149.58,112.03,29.2,51.26,3.8206,4.1478,-0.3272,171.44,155.91,140.38,3.7921,157.72,0,0
GKOS,Glaukos Corp.,NYSE,Health Care,Medical Equipment,2026-08-14,743400.0,184.53,173.97,150.63,122.16,36.1,74.15,10.2853,8.9083,1.377,193.34,167.73,142.12,2.9769,187.54,-100,0
GLNG,Golar LNG Ltd,NASD,Energy,Oil Equipment & Services,2026-08-14,1600900.0,52.49,50.0,50.18,46.4,18.75,65.76,0.3513,-0.0053,0.3566,52.17,49.83,47.48,0.639,52.05,0,0
GLW,"Corning, Inc.",NYSE,Technology,Telecom Equipment,2026-08-14,8319500.0,165.99,151.33,176.47,138.91,14.78,51.89,-3.322,-6.961,3.639,176.41,151.7,127.0,4.0726,164.96,0,0
GM,General Motors Co.,NYSE,Consumer Discretionary,Automobiles,2026-08-14,3493800.0,86.77,88.13,81.85,78.64,25.7,55.89,1.9509,2.2515,-0.3006,93.61,86.08,78.55,1.0892,86.38,0,0
GMAB,Genmab A/S,NASD,Health Care,Biotechnology,2026-08-14,3427100.0,31.94,29.96,27.9,29.02,18.96,73.37,0.9439,0.7395,0.2044,31.95,29.57,27.19,0.4029,31.81,100,0
GOOG,Alphabet Inc. - Class C,NASD,Communication Services,Internet,2026-08-14,10946800.0,343.54,350.39,352.31,330.5,12.11,46.27,-1.2124,-0.838,-0.3744,375.49,345.45,315.4,5.075,341.03,0,0
GOOGL,Alphabet Inc.,NASD,Communication Services,Internet,2026-08-14,17808500.0,345.9,351.64,353.9,331.38,12.36,47.04,-1.1332,-0.9689,-0.1643,377.36,346.41,315.46,5.1668,343.31,0,0
GPC,Genuine Parts Co.,NYSE,Consumer Discretionary,Auto Parts,2026-08-14,688200.0,135.03,131.69,119.75,119.17,27.33,64.43,4.3312,4.2379,0.0933,139.89,128.88,117.87,0.4756,135.05,0,0
GPN,"Global Payments, Inc.",NYSE,Financial,Financial Administration,2026-08-14,2498100.0,93.05,87.91,76.84,74.57,37.33,67.49,3.8688,3.5446,0.3242,94.1,85.75,77.41,3.6427,94.24,0,0
GS,"Goldman Sachs Group, Inc.",NYSE,Financial,Investment Services,2026-08-14,1593000.0,1039.42,1032.71,1054.43,930.27,11.24,48.77,-4.115,-3.7752,-0.3398,1093.33,1043.92,994.52,3.0724,1041.19,0,0
GTLB,Gitlab Inc.,NASD,Technology,Software,2026-08-14,4879700.0,42.62,37.69,32.53,31.75,30.05,71.37,2.883,2.1531,0.7298,43.91,36.02,28.13,1.0217,42.93,0,0
GWRE,"Guidewire Software, Inc.",NYSE,Technology,Software,2026-08-14,876500.0,175.59,165.8,139.62,159.76,27.14,64.08,10.4916,8.8875,1.6041,186.93,158.29,129.65,3.5256,178.43,0,0
HALO,Halozyme Therapeutics Inc.,NASD,Health Care,Biotechnology,2026-08-14,1659200.0,98.66,91.21,79.56,71.25,45.74,73.39,6.4257,5.0038,1.4219,106.36,87.73,69.1,1.4891,99.3,0,0
HAS,"Hasbro, Inc.",NASD,Consumer Discretionary,Toys,2026-08-14,1268700.0,96.7,94.23,86.17,88.33,32.08,65.79,2.9914,2.6868,0.3045,99.84,92.27,84.69,1.0552,96.78,0,0
HBM,Hudbay Minerals Inc.,NYSE,Materials,Nonferrous Metals,2026-08-14,3464800.0,26.69,25.27,24.39,22.59,22.79,60.26,1.1012,0.6918,0.4095,29.05,24.43,19.81,0.618,26.59,0,0
HIMS,"Hims & Hers Health, Inc.",NYSE,Health Care,Health Care Providers,2026-08-14,9025100.0,28.15,29.58,31.74,29.26,13.77,42.73,-0.6936,-0.5596,-0.134,34.28,30.12,25.95,1.2816,28.03,0,0
HLT,Hilton Worldwide Holdings Inc.,NYSE,Consumer Discretionary,Hotels,2026-08-14,1879300.0,327.21,319.53,331.04,308.52,18.93,53.44,-2.3737,-3.384,1.0104,330.77,321.05,311.33,5.757,326.96,0,0
HNGE,Hinge Health Inc.,NYSE,Technology,Software,2026-08-14,1055200.0,88.49,82.09,78.48,53.51,36.86,62.1,2.6892,1.9554,0.7339,93.13,81.33,69.52,1.7591,87.03,0,0
HOOD,Robinhood Markets Inc.,NASD,Financial,Investment Services,2026-08-14,14044500.0,95.56,92.51,99.09,97.26,17.12,48.76,-1.3939,-1.9315,0.5375,105.11,94.87,84.63,1.8567,97.16,0,0
HPE,Hewlett Packard Enterprise Co.,NYSE,Technology,Computer Services,2026-08-14,11762600.0,58.71,52.35,48.51,31.01,21.11,69.87,3.1992,2.2385,0.9607,60.08,50.8,41.51,2.278,59.98,0,0
HPQ,HP Inc.,NYSE,Technology,Computer Hardware,2026-08-14,10733700.0,30.11,28.79,25.42,22.54,33.99,63.2,1.5151,1.3193,0.1959,31.7,27.7,23.7,0.7928,30.49,0,0
HRB,"H & R Block, Inc.",NYSE,Consumer Discretionary,Special Consumer Services,2026-08-14,3251300.0,53.92,47.41,41.0,38.46,37.11,77.52,3.1684,2.3338,0.8346,53.86,45.43,37.0,3.6982,55.34,0,0
HSIC,"Henry Schein, Inc.",NASD,Health Care,Medical Supplies,2026-08-14,1162400.0,89.77,87.99,84.55,77.55,32.18,63.0,1.5728,1.428,0.1448,91.16,87.17,83.18,0.9037,90.44,0,0
HTFL,Heartflow Inc.,NASD,Health Care,Biotechnology,2026-08-14,9913500.0,42.08,28.61,28.98,28.85,26.23,83.73,1.5805,0.1669,1.4137,35.24,27.44,19.64,4.9053,37.66,0,0
HUM,"Humana, Inc.",NYSE,Health Care,Health Care Providers,2026-08-14,761000.0,389.05,375.62,380.84,270.1,24.49,54.74,1.133,0.5131,0.6199,406.87,381.19,355.51,5.9545,388.04,0,0
HUT,Hut 8 Mining Corp.,NASD,Technology,Computer Services,2026-08-14,5568200.0,85.44,94.57,106.16,72.26,15.93,41.17,-5.4805,-4.0138,-1.4667,119.73,98.81,77.88,2.7513,85.45,0,0
HWM,Howmet Aerospace Inc.,NYSE,Industrial,Diversified Industrials,2026-08-14,1923300.0,289.18,283.9,275.05,240.83,15.5,58.8,2.9246,3.3643,-0.4397,294.14,283.53,272.92,2.8514,286.22,0,0
IBKR,"Interactive Brokers Group, Inc.",NASD,Financial,Investment Services,2026-08-14,2199300.0,92.06,89.3,91.23,77.1,9.49,53.7,-0.1744,-0.4786,0.3042,94.79,90.28,85.76,0.809,92.0,100,0
ICE,"IntercontinentalExchange Group, Inc.",NYSE,Financial,Investment Services,2026-08-14,1634000.0,154.73,152.12,140.96,154.46,38.29,66.53,3.4457,3.3332,0.1125,158.94,149.51,140.08,1.9588,155.09,0,0
ILMN,"Illumina, Inc.",NASD,Health Care,Biotechnology,2026-08-14,993000.0,190.89,195.84,183.38,144.55,20.73,50.07,2.3817,4.0572,-1.6756,205.08,194.51,183.94,0.7734,191.81,0,0
INCY,Incyte Corp.,NASD,Health Care,Biotechnology,2026-08-14,785800.0,120.16,121.53,113.85,102.85,21.28,54.24,1.8358,2.3962,-0.5604,126.94,120.17,113.41,0.474,120.15,0,0
INOD,Innodata Inc.,NASD,Technology,Computer Services,2026-08-14,1871300.0,63.85,62.78,74.97,61.35,24.1,47.15,-2.2118,-3.0884,0.8766,69.26,62.07,54.88,0.7913,63.02,0,0
INTC,Intel Corp.,NASD,Technology,Semiconductors,2026-08-14,95387500.0,102.5,96.23,109.4,70.15,15.55,51.24,-1.5828,-3.3959,1.8131,109.39,96.83,84.27,2.7522,104.04,0,0
INVH,Invitation Homes Inc.,NYSE,Real Estate,Real Estate Development,2026-08-14,3348600.0,30.29,30.13,29.83,27.78,17.9,54.99,0.1066,0.1188,-0.0122,30.67,30.0,29.33,0.2359,30.27,0,0
IONQ,IonQ Inc.,NYSE,Technology,Computer Hardware,2026-08-14,18133500.0,46.26,40.37,46.1,45.25,26.21,59.28,0.3608,-1.2387,1.5994,47.7,38.62,29.54,1.3275,46.28,100,0
IOT,Samsara Inc.,NYSE,Technology,Software,2026-08-14,4758300.0,39.79,38.81,35.51,33.6,19.58,56.85,1.4184,1.2348,0.1836,42.76,37.56,32.36,0.6083,40.22,0,0
IQV,"Iqvia Holdings, Inc.",NYSE,Health Care,Health Care Providers,2026-08-14,905600.0,236.66,238.41,206.48,198.7,35.59,60.45,10.2436,10.7335,-0.4898,260.32,228.52,196.72,2.3896,238.55,0,0
IREN,IREN Ltd.,NASD,Technology,Computer Services,2026-08-14,42034000.0,44.06,39.14,44.89,47.09,20.47,54.86,-0.1116,-1.386,1.2743,46.17,39.23,32.3,2.4576,45.33,0,0
IRM,"Iron Mountain, Inc.",NYSE,Real Estate,Specialty REITs,2026-08-14,874800.0,129.43,124.11,124.74,108.03,11.47,59.75,0.4104,-0.0502,0.4606,129.27,124.59,119.9,2.8713,128.87,0,0
IT,"Gartner Group, Inc.",NYSE,Technology,Computer Services,2026-08-14,1629500.0,181.09,174.56,149.3,180.88,29.74,61.71,11.7502,10.178,1.5722,205.7,163.67,121.65,4.9127,179.23,0,0
ITT,ITT Inc.,NYSE,Industrial,Industrial Machinery,2026-08-14,520700.0,219.4,206.78,196.55,193.16,28.63,71.56,6.3483,4.4108,1.9375,222.94,202.98,183.01,2.423,219.24,0,0
ITW,"Illinois Tool Works, Inc.",NYSE,Industrial,Industrial Machinery,2026-08-14,1403900.0,290.81,292.32,274.23,264.27,36.19,57.85,5.6347,6.3857,-0.751,304.05,287.74,271.43,1.3866,290.48,0,0
IVZ,Invesco Ltd.,NYSE,Financial,Asset Managers,2026-08-14,4434200.0,32.55,31.02,29.06,26.58,25.89,66.43,0.9429,0.8391,0.1038,33.09,30.72,28.34,0.4648,32.43,0,0
J,Jacobs Solutions Inc.,NYSE,Industrial,Heavy Construction,2026-08-14,958600.0,144.66,142.02,130.87,133.21,38.84,63.77,4.6006,4.399,0.2015,151.23,138.98,126.74,1.4634,143.97,0,0
JAZZ,"Jazz Pharmaceuticals, Inc.",NASD,Health Care,Pharmaceuticals,2026-08-14,542000.0,244.96,254.03,243.01,197.19,21.53,44.46,1.5964,3.6596,-2.0632,263.47,253.43,243.39,4.0921,243.8,0,0
JBHT,"J.B. Hunt Transport Services, Inc.",NASD,Industrial,Trucking,2026-08-14,719400.0,279.71,272.43,279.9,229.94,19.11,52.94,-1.5207,-2.023,0.5023,295.59,277.44,259.29,6.9528,282.72,0,0
JBL,"Jabil, Inc.",NYSE,Technology,Electrical Components,2026-08-14,1049800.0,363.1,334.97,344.17,285.25,19.4,61.16,7.5859,0.8072,6.7787,374.18,328.94,283.71,11.8939,371.99,0,0
JCI,Johnson Controls Intl plc,NYSE,Industrial,Building Materials,2026-08-14,2245200.0,153.64,149.57,144.95,132.8,15.33,60.91,2.9108,2.3668,0.5439,158.34,147.38,136.43,1.4624,153.18,0,0
JHX,James Hardie Industries NV,NYSE,Industrial,Building Materials,2026-08-14,5251300.0,31.04,28.77,26.07,22.36,29.75,73.74,1.5291,1.2029,0.3261,32.14,27.82,23.51,0.2309,31.07,0,0
JNJ,Johnson & Johnson,NYSE,Health Care,Pharmaceuticals,2026-08-14,4998200.0,260.35,259.46,251.31,229.78,17.29,55.2,2.4281,2.7333,-0.3052,268.19,258.81,249.43,0.8605,260.85,0,0
JPM,J.P. Morgan Chase & Co.,NYSE,Financial,Banks,2026-08-14,5058500.0,362.84,357.21,339.37,314.85,16.52,65.16,7.0291,6.9996,0.0295,368.11,354.62,341.13,1.7444,364.04,0,0
KDP,Keurig Dr Pepper Inc.,NASD,Consumer Staples,Soft Drinks,2026-08-14,13701700.0,31.44,30.64,31.1,28.76,19.39,56.59,-0.1414,-0.194,0.0527,31.92,30.46,29.01,0.9604,31.36,0,0
KEYS,Keysight Technologies Inc.,NYSE,Technology,Electronic Equipment,2026-08-14,927100.0,357.82,332.57,332.99,277.68,13.53,63.78,6.7204,2.2239,4.4965,361.93,329.16,296.39,8.2985,360.05,0,0
KGS,Kodiak Gas Services Inc.,NYSE,Energy,Oil Equipment & Services,2026-08-14,1379600.0,65.35,59.51,65.67,54.02,27.93,56.8,-1.0135,-1.9676,0.9541,67.65,60.68,53.7,1.5024,64.28,0,0
KHC,Kraft Heinz Co.,NASD,Consumer Staples,Food Products,2026-08-14,8510400.0,25.51,25.8,24.79,23.96,15.98,51.11,0.0251,0.2064,-0.1813,27.37,25.8,24.24,0.391,25.38,0,0
KKR,KKR & Co Inc,NYSE,Financial,Specialty Finance,2026-08-14,5838800.0,114.01,106.14,98.73,106.51,21.56,68.48,3.9373,2.8389,1.0984,115.03,103.63,92.22,3.9742,115.94,0,0
KLAC,KLA Corp.,NASD,Technology,Semiconductors,2026-08-14,7357800.0,203.72,192.93,453.2,1226.52,42.63,33.35,-63.6333,-91.814,28.1808,224.44,198.68,172.92,6.0091,209.09,0,0
KMB,Kimberly Clark Corp.,NASD,Consumer Staples,Nondurable Home Products,2026-08-14,1739100.0,110.39,110.16,107.62,103.11,19.94,53.05,0.4905,0.7021,-0.2116,113.27,109.81,106.34,1.0444,110.7,0,0
KMI,Kinder Morgan Inc.,NYSE,Energy,Pipelines,2026-08-14,8663100.0,32.82,31.63,31.98,30.68,15.57,60.17,-0.065,-0.1657,0.1007,33.06,31.88,30.71,0.5185,32.59,0,0
KMX,Carmax Inc.,NYSE,Consumer Discretionary,Specialty Retailers,2026-08-14,1432000.0,59.92,58.46,54.44,44.46,27.82,63.52,1.4657,1.6023,-0.1365,60.15,58.22,56.3,0.731,59.96,0,0
KNX,Knight-Swift Transportation Holdings Inc.,NYSE,Industrial,Trucking,2026-08-14,1905700.0,72.42,70.35,74.7,61.45,19.62,51.05,-0.8688,-1.2084,0.3396,76.22,71.44,66.67,1.9398,73.3,0,0
KO,Coca Cola Co.,NYSE,Consumer Staples,Soft Drinks,2026-08-14,9166400.0,87.71,87.34,83.37,76.97,22.14,61.73,1.2064,1.2586,-0.0522,90.72,85.83,80.94,0.4605,87.57,0,0
KTB,Kontoor Brands Inc.,NYSE,Consumer Discretionary,Clothing & Accessories,2026-08-14,1012700.0,84.9,82.22,81.53,71.92,15.58,55.35,-0.2896,-0.1307,-0.1588,89.61,82.96,76.31,3.8698,85.44,0,0
LAMR,Lamar Advertising Co.,NASD,Real Estate,Specialty REITs,2026-08-14,580200.0,155.47,158.28,156.57,138.82,14.53,44.99,-0.5613,0.2871,-0.8484,164.32,158.71,153.11,0.6222,155.22,0,0
LDOS,"Leidos Holdings, Inc.",NYSE,Industrial,Defense,2026-08-14,1392700.0,143.83,129.75,115.7,157.21,40.53,77.24,8.3606,5.8611,2.4995,150.42,123.66,96.9,1.6705,143.6,0,0
LGN,Legence Corp.,NASD,Industrial,Industrial Suppliers,2026-08-14,1445600.0,66.38,63.48,73.99,61.09,25.4,47.89,-2.2754,-3.0449,0.7695,75.6,65.78,55.95,1.9006,66.03,0,0
LITE,Lumentum Holdings Inc.,NASD,Technology,Telecom Equipment,2026-08-14,4251800.0,926.14,801.32,813.68,635.61,11.47,58.81,27.6278,7.4623,20.1654,969.51,797.99,626.47,50.3749,931.64,0,0
LLY,Eli Lilly & Co.,NYSE,Health Care,Pharmaceuticals,2026-08-14,2274500.0,1180.16,1184.01,1169.56,1043.23,19.78,50.05,10.7597,9.3689,1.3908,1245.89,1182.07,1118.24,17.2768,1189.67,0,0
LMT,Lockheed Martin Corp.,NYSE,Industrial,Defense,2026-08-14,862600.0,608.68,588.98,542.41,550.1,31.14,67.53,19.069,17.2818,1.7872,634.35,575.4,516.44,4.4338,605.12,0,0
LNG,"Cheniere Energy, Inc.",NYSE,Energy,Exploration & Production,2026-08-14,1181800.0,271.64,261.56,251.83,234.97,13.14,59.68,3.7339,3.2846,0.4493,274.25,262.72,251.19,2.2867,270.06,0,0
LNTH,"Lantheus Holdings, Inc.",NASD,Health Care,Medical Supplies,2026-08-14,1299900.0,100.95,100.96,104.02,80.76,13.21,45.41,-0.9142,-0.7846,-0.1296,107.12,102.35,97.57,0.125,100.9,0,0
LQDA,Liquidia Technologies Inc.,NASD,Health Care,Pharmaceuticals,2026-08-14,2516500.0,74.44,85.0,78.16,48.02,21.48,40.06,0.5811,2.673,-2.0919,95.22,84.73,74.25,7.448,71.06,0,0
LRCX,Lam Research Corp.,NASD,Technology,Semiconductors,2026-08-14,7422900.0,332.36,304.51,337.48,249.56,12.39,54.57,-1.5721,-7.3797,5.8076,345.55,306.39,267.22,11.9049,338.24,0,0
LSCC,Lattice Semiconductor Corp.,NASD,Technology,Semiconductors,2026-08-14,1180600.0,130.46,126.9,135.44,104.22,10.71,50.29,-1.3538,-2.078,0.7242,140.16,128.23,116.31,1.4237,129.84,80,0
LTH,Life Time Group Holdings Inc.,NYSE,Consumer Discretionary,Recreational Services,2026-08-14,3571600.0,45.26,44.41,40.53,31.0,32.77,61.76,1.0186,1.2287,-0.2101,46.24,43.83,41.42,0.9056,45.15,100,0
LYB,LyondellBasell Industries NV,NYSE,Materials,Commodity Chemicals,2026-08-14,2513400.0,63.76,61.33,59.72,58.97,19.58,58.46,0.9108,0.5388,0.372,64.27,61.18,58.08,0.631,63.25,0,0
LYV,"Live Nation Entertainment, Inc.",NYSE,Communication Services,Entertainment,2026-08-14,1162900.0,188.46,183.01,177.92,157.57,12.39,61.84,2.1938,1.7471,0.4467,188.69,181.57,174.46,1.7048,187.64,0,0
MA,Mastercard,NYSE,Financial,Consumer Finance,2026-08-14,2473300.0,569.29,567.76,529.25,527.95,32.79,62.07,10.3239,12.1224,-1.7985,587.78,559.41,531.03,3.5387,567.7,0,0
MANH,"Manhattan Associates, Inc.",NASD,Technology,Software,2026-08-14,751700.0,197.39,192.21,159.98,155.48,40.12,65.28,11.5514,11.1428,0.4086,218.14,181.15,144.17,2.7409,198.19,0,0
MCO,Moody's Corp.,NYSE,Financial,Specialty Finance,2026-08-14,517900.0,484.96,481.13,473.86,471.81,9.63,53.04,0.8648,1.4743,-0.6095,497.63,482.57,467.5,4.6732,486.28,0,0
MDB,"MongoDB, Inc.",NASD,Technology,Software,2026-08-14,1576300.0,460.33,386.04,349.33,337.69,28.47,75.18,32.2449,18.774,13.4709,474.77,362.38,249.99,19.3291,469.35,0,0
MDLZ,"Mondelez International, Inc.",NASD,Consumer Staples,Food Products,2026-08-14,4075600.0,63.61,62.66,61.21,58.67,17.22,58.97,0.6066,0.5088,0.0978,64.57,61.97,59.38,0.8776,63.71,0,0
MDT,"Medtronic, Inc.",NYSE,Health Care,Medical Equipment,2026-08-14,8245500.0,91.27,87.87,83.23,89.77,21.97,70.98,2.2499,1.8006,0.4493,92.23,86.36,80.49,0.6131,91.26,0,0
MET,"Metlife, Inc.",NYSE,Financial,Life Insurance,2026-08-14,2171600.0,97.66,97.13,91.36,80.62,29.82,62.25,1.8303,2.0919,-0.2616,99.77,96.1,92.42,0.3837,97.51,0,0
MGNI,"Magnite, Inc",NASD,Technology,Software,2026-08-14,4121300.0,24.73,22.17,19.47,15.37,36.77,74.97,1.5897,1.2113,0.3783,26.19,21.12,16.04,0.1928,24.7,0,0
MKSI,"MKS Instruments, Inc.",NASD,Technology,Semiconductors,2026-08-14,1178600.0,310.73,298.88,342.87,252.98,24.91,47.71,-11.0209,-13.1099,2.0891,352.32,309.46,266.6,7.3357,311.85,100,0
MKTX,MarketAxess Holdings Inc.,NASD,Financial,Investment Services,2026-08-14,1196400.0,162.57,156.99,127.53,157.32,55.82,84.58,11.6913,10.5775,1.1137,189.17,144.35,99.53,0.0395,162.6,-100,0
MLI,Mueller Industries Inc.,NYSE,Industrial,Industrial Machinery,2026-08-14,1252900.0,65.9,67.56,88.35,112.13,34.18,34.32,-3.9133,-5.7951,1.8818,71.49,66.05,60.6,1.1594,66.06,0,0
MMM,3M Co.,NYSE,Industrial,Diversified Industrials,2026-08-14,2644800.0,182.65,180.81,166.62,160.15,39.7,66.79,5.343,5.4354,-0.0924,189.99,177.62,165.25,0.5796,183.0,0,0
MNDY,Monday.com Ltd.,NASD,Technology,Software,2026-08-14,1230400.0,87.52,89.36,81.13,101.54,14.13,52.43,2.7698,2.8222,-0.0524,98.99,85.29,71.59,2.7581,89.56,0,0
MNST,Monster Beverage Corp.,NASD,Consumer Staples,Soft Drinks,2026-08-14,7930600.0,46.82,80.87,90.76,80.83,38.67,12.94,-10.971,-4.983,-5.988,123.92,85.01,46.09,18.0771,37.67,0,0
MOH,"Molina Healthcare, Inc.",NYSE,Health Care,Health Care Providers,2026-08-14,594500.0,212.43,198.35,210.17,173.38,23.86,56.34,-2.6886,-4.0981,1.4095,224.69,202.61,180.53,6.2158,211.19,0,0
MP,MP Materials Corp.,NYSE,Materials,General Mining,2026-08-14,10815400.0,58.74,48.47,51.83,57.87,28.44,66.98,1.4231,-0.5505,1.9736,58.63,47.27,35.91,1.6163,57.4,0,0
MPC,Marathon Petroleum Corp.,NYSE,Energy,Integrated Oil & Gas,2026-08-14,2188500.0,355.42,319.78,287.77,228.57,30.93,74.35,15.4751,11.8339,3.6413,352.26,318.09,283.92,13.5471,361.39,0,0
MRK,"Merck & Co., Inc.",NYSE,Health Care,Pharmaceuticals,2026-08-14,6869000.0,135.84,130.64,125.48,113.81,20.83,68.67,2.2766,1.8507,0.4258,135.42,129.97,124.52,2.2641,136.14,0,0
MRNA,Moderna Inc.,NASD,Health Care,Pharmaceuticals,2026-08-14,4700800.0,63.32,58.25,60.8,46.48,15.76,56.6,0.127,-0.8155,0.9426,64.09,57.97,51.85,1.6648,64.22,0,0
MRSH,Marsh and McLennan Co.,NYSE,Financial,Insurance Brokers,2026-08-14,1113000.0,187.82,191.36,177.44,177.27,35.65,54.13,3.4997,4.4423,-0.9426,199.47,187.96,176.45,1.3125,187.78,0,0
MRVL,Marvell Technology Inc,NASD,Technology,Semiconductors,2026-08-14,14487800.0,222.02,203.12,238.1,141.45,16.98,53.66,-1.5646,-6.4108,4.8462,234.79,202.52,170.24,5.3837,223.83,0,0
MS,Morgan Stanley,NYSE,Financial,Investment Services,2026-08-14,3406000.0,217.36,213.97,216.58,187.18,10.79,52.85,0.4522,-0.0118,0.4641,221.7,214.28,206.86,1.316,218.23,0,0
MSFT,Microsoft Corp.,NASD,Technology,Software,2026-08-14,16217600.0,495.4,475.86,412.78,432.48,36.37,70.93,28.5791,25.0588,3.5203,550.55,450.24,349.93,5.1716,493.25,0,0
MSI,Motorola Solutions Inc.,NYSE,Technology,Telecom Equipment,2026-08-14,833900.0,466.51,452.22,422.3,416.69,29.68,66.16,14.1679,11.6286,2.5393,486.12,440.03,393.95,2.5324,467.47,0,0
MSM,Msc Industrial Direct Co.,NYSE,Industrial,Industrial Suppliers,2026-08-14,671500.0,123.82,123.01,121.03,99.33,17.6,53.53,0.2359,0.8321,-0.5962,128.44,123.91,119.37,1.6606,122.11,0,0
MT,ArcelorMittal SA,NYSE,Materials,Steel,2026-08-14,1105400.0,73.86,72.16,67.14,56.72,17.6,63.54,2.2955,2.1315,0.1641,77.55,70.45,63.34,0.3195,73.66,0,0
MTB,M&T Bank Corp.,NYSE,Financial,Banks,2026-08-14,580400.0,254.09,251.11,240.89,216.51,28.81,62.49,3.4789,3.8225,-0.3436,255.05,250.41,245.76,1.0603,254.24,0,0
MTCH,"Match Group, Inc",NASD,Communication Services,Internet,2026-08-14,2939300.0,37.95,38.32,37.45,34.04,15.65,49.8,-0.1983,0.0609,-0.2592,40.89,38.32,35.76,0.4994,37.65,0,0
MTDR,Matador Resources Co.,NYSE,Energy,Exploration & Production,2026-08-14,2441400.0,53.69,49.86,51.33,50.41,15.79,58.56,0.1157,-0.4551,0.5709,55.58,50.51,45.45,0.6796,52.91,0,0
MTSI,"MACOM Technology Solutions Holdings, Inc.",NASD,Technology,Semiconductors,2026-08-14,798700.0,316.44,279.62,319.09,255.13,22.53,57.32,-0.1196,-8.8008,8.6812,326.91,278.15,229.39,7.0667,315.43,0,0
MU,"Micron Technology, Inc.",NASD,Technology,Semiconductors,2026-08-14,27881100.0,971.66,871.0,960.73,552.6,15.65,56.3,-4.7981,-18.8872,14.0891,1009.55,890.09,770.64,43.5566,973.01,0,0
MXL,MaxLinear Inc.,NASD,Technology,Semiconductors,2026-08-14,3226200.0,84.84,69.69,82.71,43.69,12.4,56.23,-1.9961,-4.0185,2.0224,90.18,72.56,54.94,5.9696,82.74,0,0
NBIS,Nebius Group N.V.,NASD,Communication Services,Internet,2026-08-14,29024600.0,277.68,207.23,222.24,146.46,15.6,64.63,8.4668,-1.4012,9.8681,267.6,205.78,143.96,37.7837,283.65,0,0
NBIX,"Neurocrine Biosciences, Inc.",NASD,Health Care,Biotechnology,2026-08-14,1305100.0,152.72,165.7,167.95,146.86,30.09,35.28,-4.1143,-1.6659,-2.4484,187.87,168.54,149.22,5.3514,150.27,0,0
NDAQ,"Nasdaq, Inc.",NASD,Financial,Investment Services,2026-08-14,1328000.0,97.02,95.24,89.05,89.55,28.34,64.65,2.0591,2.0151,0.044,98.18,94.14,90.1,0.9616,97.26,0,0
NEM,Newmont Corporation,NYSE,Materials,Gold Mining,2026-08-14,5578800.0,117.76,105.17,99.09,105.27,27.2,71.02,5.5457,3.1461,2.3995,122.23,101.56,80.89,1.3551,116.45,0,0
NET,Cloudflare Inc.,NYSE,Technology,Software,2026-08-14,3026400.0,315.78,295.3,263.01,217.71,32.3,63.93,15.7206,12.8189,2.9017,327.05,286.9,246.75,8.3347,321.97,0,0
NOW,"ServiceNow, Inc.",NYSE,Technology,Software,2026-08-14,15030800.0,124.0,119.33,107.65,243.94,17.17,61.73,5.8866,4.6518,1.2348,134.95,113.46,91.96,1.4709,124.79,-100,0
NSC,Norfolk Southern Corp.,NYSE,Industrial,Railroad,2026-08-14,984200.0,334.41,336.91,324.8,304.48,15.4,51.12,2.6161,3.9576,-1.3416,348.21,337.82,327.44,1.3859,336.08,-100,0
NTAP,NetApp Inc.,NASD,Technology,Computer Hardware,2026-08-14,2338700.0,207.08,189.47,170.17,124.83,40.04,76.58,10.9132,8.6899,2.2233,211.21,182.41,153.61,3.3949,206.91,0,0
NTNX,"Nutanix, Inc.",NASD,Technology,Software,2026-08-14,2270900.0,66.61,62.23,54.77,48.97,42.75,73.54,3.392,2.845,0.5471,68.54,59.92,51.3,1.4387,67.18,0,0
NTRA,"Natera, Inc.",NASD,Health Care,Medical Supplies,2026-08-14,1273700.0,309.93,287.06,262.3,226.15,30.4,65.51,14.6453,11.0636,3.5817,327.37,279.88,232.38,3.1722,309.79,0,0
NTRS,Northern Trust Corp.,NASD,Financial,Asset Managers,2026-08-14,599300.0,191.41,185.05,179.75,154.12,19.54,66.33,2.9356,2.2719,0.6638,191.98,183.91,175.84,1.627,191.73,0,0
NUE,Nucor Corp.,NYSE,Materials,Steel,2026-08-14,1164400.0,268.91,267.87,248.25,198.03,30.09,62.32,8.9667,8.5307,0.436,288.7,259.34,229.97,1.8136,269.7,0,0
NVDA,NVIDIA Corp.,NASD,Technology,Semiconductors,2026-08-14,75680800.0,225.16,212.37,206.52,194.92,20.3,63.0,5.2809,3.2273,2.0536,231.74,210.4,189.05,3.6242,226.55,0,0
NVT,nVent Electric plc.,NYSE,Technology,Electronic Equipment,2026-08-14,1393600.0,171.39,159.12,161.38,131.98,14.8,60.88,3.0478,0.7952,2.2526,177.53,158.08,138.62,3.3921,172.6,100,0
OC,Owens Corning Inc.,NYSE,Industrial,Building Materials,2026-08-14,561600.0,154.67,148.95,139.42,122.45,30.05,60.7,4.8039,4.0079,0.796,161.1,146.52,131.95,1.7333,155.56,0,0
OKE,"Oneok, Inc.",NYSE,Energy,Pipelines,2026-08-14,2479200.0,94.99,89.87,89.58,82.89,12.41,63.09,0.6087,0.1038,0.5049,95.25,90.56,85.86,1.5355,94.48,0,0
OKTA,"Okta, Inc.",NASD,Technology,Software,2026-08-14,2519300.0,147.43,145.32,135.71,96.96,20.59,55.1,4.1291,4.1121,0.017,154.76,143.66,132.57,2.7749,149.72,-100,0
OMC,"Omnicom Group, Inc.",NYSE,Communication Services,Media Agencies,2026-08-14,1717400.0,87.57,83.55,79.19,77.08,23.28,62.87,2.1041,1.5987,0.5054,88.71,82.53,76.35,1.3614,88.06,0,0
ONTO,Onto Innovation Inc,NYSE,Technology,Semiconductors,2026-08-14,1075000.0,331.71,285.46,300.29,229.62,12.78,58.87,8.6601,-0.4274,9.0875,347.02,284.77,222.52,17.3875,343.35,0,0
OPLN,"OPENLANE, Inc.",NYSE,Consumer Discretionary,Special Consumer Services,2026-08-14,2993700.0,35.5,38.21,39.0,,23.86,34.31,-0.9928,-0.4651,-0.5277,42.22,38.57,34.92,0.781,35.03,0,0
ORKA,"Oruka Therapeutics, Inc.",NASD,Health Care,Pharmaceuticals,2026-08-14,1047400.0,111.04,99.76,86.82,52.77,33.75,74.24,6.1213,5.1223,0.9989,110.39,97.48,84.57,2.2901,110.32,100,0
OSCR,Oscar Health Inc.,NYSE,Health Care,Health Care Providers,2026-08-14,6595000.0,32.76,29.92,29.42,19.39,22.03,62.07,0.2738,0.1476,0.1262,32.77,29.71,26.65,1.8748,32.34,0,0
OUST,"Ouster, Inc.",NASD,Technology,Electronic Equipment,2026-08-14,3983900.0,48.71,42.24,42.71,29.23,16.57,59.14,1.4894,0.5109,0.9786,50.88,40.62,30.37,2.1143,48.05,0,0
OVV,Ovintiv Inc,NYSE,Energy,Exploration & Production,2026-08-14,3225200.0,63.02,61.42,57.53,50.64,25.96,59.51,1.4709,1.3795,0.0913,64.62,61.11,57.59,0.4414,62.66,0,0
OXY,Occidental Petroleum Corp.,NYSE,Energy,Exploration & Production,2026-08-14,6745100.0,58.36,56.54,54.49,50.99,18.38,58.87,1.0398,0.8097,0.2301,59.55,56.53,53.51,0.4436,58.08,0,0
P,Everpure Inc.,NYSE,Technology,Computer Hardware,2026-08-14,3544000.0,118.16,90.98,78.67,,29.41,84.14,10.0654,5.6681,4.3973,117.35,85.83,54.3,7.2527,120.5,0,0
PANW,Palo Alto Networks Inc.,NASD,Technology,Telecom Equipment,2026-08-14,4353400.0,384.27,359.02,326.32,222.4,33.64,65.48,17.9765,14.5216,3.4548,402.97,350.95,298.94,4.519,389.35,-100,0
PAYC,"Paycom Software, Inc.",NYSE,Industrial,Business Support Services,2026-08-14,545700.0,218.13,191.75,152.09,145.1,42.68,76.31,20.4625,16.1367,4.3258,237.18,177.65,118.13,4.5917,219.9,0,0
PAYX,"Paychex, Inc.",NASD,Industrial,Business Support Services,2026-08-14,1670500.0,122.02,119.94,108.83,103.3,32.66,62.57,3.9483,3.9611,-0.0128,125.65,117.84,110.03,1.753,123.21,0,0
PBF,PBF Energy Inc.,NYSE,Energy,Exploration & Production,2026-08-14,2829900.0,71.85,67.13,54.38,41.59,35.4,63.88,4.3232,4.2171,0.1061,74.7,66.02,57.33,2.6661,73.65,0,0
PCAR,"PACCAR, Inc.",NASD,Industrial,Commercial Vehicles,2026-08-14,1954900.0,130.79,132.96,125.24,117.65,25.51,52.61,1.808,2.5771,-0.7691,137.73,131.98,126.22,0.6581,130.73,0,0
PCOR,Procore Technologies Inc.,NYSE,Technology,Software,2026-08-14,2672900.0,59.8,56.01,46.76,58.02,35.69,70.23,4.0259,3.3078,0.7181,65.12,52.34,39.56,1.5327,60.71,0,0
PCTY,Paylocity Holding Corp.,NASD,Technology,Software,2026-08-14,687100.0,148.28,144.87,122.47,124.62,35.64,63.68,7.9811,7.881,0.1001,159.43,138.81,118.2,2.8468,150.06,0,0
PENG,"Penguin Solutions, Inc.",NASD,Technology,Semiconductors,2026-08-14,1373600.0,63.8,55.19,62.58,34.32,13.16,56.21,-0.5464,-1.7741,1.2277,64.33,55.4,46.47,2.964,63.35,0,0
PFE,"Pfizer, Inc.",NYSE,Health Care,Pharmaceuticals,2026-08-14,23174100.0,26.79,25.94,25.17,25.91,28.77,64.88,0.5112,0.3551,0.156,27.26,25.59,23.93,0.2438,26.64,0,0
PFGC,Performance Food Group Co.,NYSE,Consumer Staples,Food Retailers,2026-08-14,1880800.0,107.25,112.6,109.31,96.65,24.91,41.87,-0.2351,0.9771,-1.2122,118.4,112.18,105.96,3.8171,104.87,0,0
PLTR,"Palantir Technologies, Inc.",NASD,Technology,Software,2026-08-14,24065800.0,174.04,152.91,134.99,152.09,28.73,68.14,12.5609,8.5382,4.0228,190.14,145.53,100.92,2.5514,175.19,0,0
PM,Philip Morris Intl Inc.,NYSE,Consumer Staples,Tobacco,2026-08-14,4579100.0,190.39,190.0,185.01,171.53,16.66,53.75,0.6618,1.2954,-0.6336,198.59,190.74,182.9,1.7853,189.84,0,0
PNC,PNC Financial Services Gr,NYSE,Financial,Banks,2026-08-14,785200.0,256.97,252.77,246.25,220.1,25.74,63.29,2.5509,2.6045,-0.0536,256.92,252.09,247.25,1.7229,257.0,100,0
PRMB,Primo Brands Corp.,NYSE,Consumer Staples,Soft Drinks,2026-08-14,3702900.0,24.7,23.64,23.93,20.41,17.86,56.72,0.1095,-0.0514,0.1609,25.09,23.55,22.02,0.5354,24.81,0,0
PRU,Prudential Financial Inc.,NYSE,Financial,Life Insurance,2026-08-14,1211200.0,125.13,122.71,114.71,106.79,39.56,68.58,2.5733,2.7497,-0.1764,125.82,121.65,117.48,1.2713,125.1,0,0
PSA,"Public Storage, Inc.",NYSE,Real Estate,Specialty REITs,2026-08-14,519300.0,325.93,326.12,321.44,295.0,9.77,53.09,2.0049,2.0445,-0.0396,334.96,323.21,311.46,1.6715,326.62,0,0
PSX,Phillips 66,NYSE,Energy,Integrated Oil & Gas,2026-08-14,2654100.0,233.61,213.62,193.26,164.33,30.6,76.99,9.3214,7.4668,1.8546,230.42,212.24,194.05,6.5324,235.21,0,0
PTC,"PTC, Inc.",NASD,Technology,Software,2026-08-14,1151700.0,149.75,143.06,127.68,151.28,33.92,65.7,7.2186,5.6396,1.579,161.74,135.92,110.1,1.9266,150.8,0,0
PWR,"Quanta Services, Inc.",NYSE,Industrial,Heavy Construction,2026-08-14,694400.0,685.78,659.91,672.82,573.46,14.29,55.6,4.0821,-1.1307,5.2128,718.46,652.68,586.89,8.2461,684.01,0,0
Q,Qnity Electronics Inc.,NYSE,Technology,Semiconductors,2026-08-14,783300.0,142.3,135.32,144.54,,16.64,53.55,-0.7202,-2.4316,1.7114,145.55,135.67,125.78,3.1964,143.96,0,0
QCOM,QUALCOMM Inc.,NASD,Technology,Semiconductors,2026-08-14,5807700.0,165.79,159.74,183.87,168.68,15.79,47.13,-5.2069,-7.2908,2.0839,177.89,163.2,148.51,1.3728,165.59,0,0
QLYS,"Qualys, Inc.",NASD,Technology,Software,2026-08-14,565500.0,186.05,168.93,142.87,121.48,39.7,67.59,14.0044,11.2521,2.7523,205.36,160.57,115.78,3.7288,190.25,-100,0
QMCO,Quantum Corp.,NASD,Technology,Computer Hardware,2026-08-14,4277900.0,26.11,14.63,12.73,8.59,31.39,87.87,2.8588,1.1797,1.679,23.34,13.63,3.91,5.0568,27.57,0,0
QRVO,"Qorvo, Inc.",NASD,Technology,Semiconductors,2026-08-14,1132700.0,98.11,94.66,92.69,87.28,19.88,62.38,2.2237,1.3353,0.8885,101.25,92.62,83.99,0.7134,98.49,0,0
QSR,Restaurant Brands International Inc.,NYSE,Consumer Discretionary,Restaurants & Bars,2026-08-14,2071600.0,77.64,74.44,73.94,72.54,12.65,62.14,0.3849,0.0265,0.3583,76.72,74.12,71.52,1.8361,77.63,0,0
RBRK,Rubrik Inc.,NYSE,Technology,Computer Services,2026-08-14,2578600.0,102.23,85.81,79.22,67.2,29.19,72.88,6.2949,3.5354,2.7595,104.92,82.49,60.05,3.3139,103.13,0,0
RDDT,Reddit Inc.,NYSE,Communication Services,Internet,2026-08-14,21500400.0,178.09,161.59,175.03,177.86,15.91,55.29,-4.6844,-5.4352,0.7508,190.23,165.84,141.45,8.7819,169.05,0,0
RELY,Remitly Global Inc.,NASD,Financial,Specialty Finance,2026-08-14,3747800.0,26.3,24.2,22.59,17.82,24.38,62.88,0.6231,0.4813,0.1418,25.97,23.88,21.8,1.1981,26.25,0,0
RF,Regions Financial Corp.,NYSE,Financial,Banks,2026-08-14,6197900.0,31.9,31.45,30.41,28.01,23.47,62.03,0.3672,0.3875,-0.0203,32.09,31.27,30.45,0.1439,31.83,100,0
RGEN,Repligen Corp.,NASD,Health Care,Biotechnology,2026-08-14,598100.0,166.83,155.56,142.18,139.96,39.76,70.05,7.5937,5.8397,1.754,174.32,150.05,125.78,1.529,167.6,-80,0
RHP,"Ryman Hospitality Properties, Inc.",NYSE,Real Estate,Hotel & Lodging REITs,2026-08-14,690000.0,125.52,127.66,126.33,105.19,20.79,47.79,-0.8087,0.1116,-0.9203,138.35,128.64,118.93,2.0043,126.0,0,0
RIO,Rio Tinto PLC,NYSE,Materials,General Mining,2026-08-14,2187700.0,95.68,98.18,96.36,90.9,20.32,47.14,1.2864,1.0425,0.2439,104.4,96.05,87.71,2.3332,96.55,0,0
RJF,Raymond James Financial Inc.,NYSE,Financial,Investment Services,2026-08-14,1007800.0,180.81,178.36,165.34,159.08,25.32,67.46,4.4611,4.5703,-0.1092,185.31,175.52,165.73,0.7725,181.3,0,0
RKLB,"Rocket Lab USA, Inc.",NASD,Industrial,Aerospace,2026-08-14,13900200.0,80.25,73.71,85.54,78.39,21.8,53.17,-0.6182,-3.0779,2.4596,85.94,71.87,57.8,0.4369,80.41,0,0
ROIV,Roivant Sciences Ltd.,NASD,Health Care,Biotechnology,2026-08-14,4527300.0,36.2,34.91,33.67,27.31,15.87,59.3,0.6117,0.5014,0.1103,36.78,34.88,32.98,0.3829,36.31,0,0
ROKU,"Roku, Inc.",NASD,Technology,Computer Hardware,2026-08-14,1923800.0,157.68,149.21,140.54,113.91,43.07,78.1,3.997,3.3585,0.6385,156.22,147.35,138.48,2.4464,156.23,0,0
ROP,"Roper Technologies, Inc.",NASD,Technology,Software,2026-08-14,929500.0,399.34,396.78,359.89,378.72,26.39,62.61,12.0314,12.4722,-0.4408,424.18,385.13,346.08,2.853,396.87,0,0
ROST,"Ross Stores, Inc.",NASD,Consumer Discretionary,Apparel Retailers,2026-08-14,1933900.0,245.36,251.33,234.03,207.17,28.85,53.69,5.0981,6.3985,-1.3004,261.38,247.15,232.92,3.7935,243.88,0,0
RPRX,Royalty Pharma Plc,NASD,Health Care,Biotechnology,2026-08-14,1596400.0,58.6,58.23,56.82,47.49,17.51,55.0,0.4024,0.4653,-0.0628,59.94,58.31,56.68,0.5081,58.83,0,0
RTX,Raytheon Technologies Corp.,NYSE,Industrial,Aerospace,2026-08-14,2871000.0,222.97,220.06,199.53,190.54,37.77,70.18,7.2223,7.518,-0.2957,234.49,215.21,195.93,1.2825,221.71,0,0
RVMD,Revolution Medicines Inc,NASD,Health Care,Biotechnology,2026-08-14,784200.0,203.71,196.0,180.67,122.81,32.36,63.1,6.8548,6.1953,0.6594,211.1,192.84,174.58,1.7292,202.65,0,0
RVTY,Revvity Inc.,NYSE,Health Care,Medical Supplies,2026-08-14,774500.0,116.84,114.67,109.34,99.93,11.28,59.45,2.1988,2.0028,0.1959,119.22,113.23,107.25,0.826,117.48,0,0
RY,Royal Bank Of Canada,NYSE,Financial,Banks,2026-08-14,1193200.0,216.56,211.24,207.08,177.52,22.22,64.31,1.9666,1.7727,0.1939,215.29,210.86,206.42,2.4107,216.47,0,0
SAP,SAP SE,NYSE,Technology,Software,2026-08-14,2562700.0,207.97,196.95,170.97,199.44,35.08,70.54,12.3463,10.128,2.2183,227.03,184.81,142.59,1.9684,207.59,0,0
SBUX,Starbucks Corp.,NASD,Consumer Discretionary,Restaurants & Bars,2026-08-14,3499300.0,107.69,105.68,103.46,95.95,13.01,58.49,1.0129,0.7118,0.3011,108.4,105.14,101.88,1.4545,108.81,0,0
SCCO,Southern Copper Corp.,NYSE,Materials,Nonferrous Metals,2026-08-14,896400.0,184.61,189.57,181.92,173.41,11.91,48.27,3.2454,3.5142,-0.2688,203.24,187.68,172.11,5.5456,184.76,0,0
SCHW,Charles Schwab Corp.,NYSE,Financial,Investment Services,2026-08-14,5986000.0,111.09,107.26,99.17,96.25,43.49,75.79,2.9651,2.8132,0.1519,111.76,105.64,99.52,1.268,110.95,0,0
SE,Sea Ltd.,NYSE,Technology,Computer Services,2026-08-14,3362300.0,121.94,115.02,102.21,108.4,28.87,62.26,5.9888,4.7851,1.2036,128.64,111.55,94.47,5.7034,125.15,0,0
SEI,"Solaris Energy Infrastructure, Inc.",NYSE,Energy,Oil Equipment & Services,2026-08-14,1990700.0,63.3,55.7,66.31,59.22,16.53,54.4,-1.3284,-2.8955,1.5671,67.54,56.78,46.01,1.8123,62.58,0,0
SEZL,Sezzle Inc.,NASD,Financial,Financial Administration,2026-08-14,747600.0,128.96,147.24,155.76,93.7,28.37,39.77,-8.7091,-4.1817,-4.5274,193.57,152.82,112.06,4.3075,130.79,0,0
SFM,Sprouts Farmers Market Inc.,NASD,Consumer Staples,Food Retailers,2026-08-14,991800.0,82.5,84.64,82.12,79.34,15.1,49.81,1.1544,1.0999,0.0544,92.12,81.67,71.23,1.4152,82.72,0,0
SHEL,Shell Plc,NYSE,Energy,Integrated Oil & Gas,2026-08-14,5024800.0,90.47,89.62,84.71,81.84,26.0,60.01,1.584,1.6726,-0.0886,92.24,88.93,85.62,0.2526,90.27,0,0
SHOP,"Shopify, Inc.",NASD,Technology,Software,2026-08-14,5489400.0,154.32,139.55,122.92,132.29,29.35,66.71,9.6421,7.0526,2.5895,165.02,133.61,102.21,2.7317,155.08,0,0
SHW,Sherwin Williams Co.,NYSE,Materials,Specialty Chemicals,2026-08-14,1123100.0,359.1,357.89,334.98,334.05,26.34,57.52,8.9943,8.4216,0.5727,384.93,346.39,307.84,1.8653,359.58,0,0
SIMO,Silicon Motion Technology Corp. ADS,NASD,Technology,Semiconductors,2026-08-14,1118400.0,268.9,245.95,280.76,172.65,15.77,51.93,-9.1132,-10.9244,1.8113,293.71,253.01,212.31,15.6076,262.88,0,0
SIRI,Sirius XM Holdings Inc.,NASD,Communication Services,Entertainment,2026-08-14,3262400.0,28.46,29.9,29.39,24.51,17.88,40.91,-0.3554,-0.0067,-0.3487,32.31,30.01,27.72,0.2543,28.2,0,0
SJM,The J. M. Smucker Co.,NYSE,Consumer Staples,Food Products,2026-08-14,905300.0,121.39,120.14,114.78,105.25,18.44,58.6,1.7184,1.9491,-0.2307,124.91,119.16,113.42,1.5321,121.23,0,0
SKM,SKTelecom Co. Ltd.,NYSE,Communication Services,Mobile Telecommunications,2026-08-14,2629200.0,38.51,33.78,34.21,29.72,15.67,64.36,0.7211,0.1366,0.5845,38.13,33.81,29.5,1.9465,38.14,0,0
SLB,SLB Ltd.,NYSE,Energy,Oil Equipment & Services,2026-08-14,9942700.0,53.77,51.06,49.92,47.64,23.75,61.75,1.0718,0.6372,0.4346,54.79,50.33,45.88,0.6497,52.97,0,0
SM,SM Energy Co.,NYSE,Energy,Exploration & Production,2026-08-14,4111400.0,33.75,31.28,29.96,25.45,14.93,62.09,0.6493,0.4578,0.1915,34.59,31.58,28.57,0.6467,33.36,0,0
SMCI,"Super Micro Computer, Inc",NASD,Technology,Computer Hardware,2026-08-14,61990800.0,39.84,31.51,30.81,31.81,21.83,70.69,2.0191,0.6839,1.3353,38.74,30.61,22.47,3.6681,40.8,0,0
SMH,VanEck Semiconductor ETF,NASD,,,2026-08-14,5524200.0,587.82,561.6,591.48,462.03,15.92,54.11,-0.2368,-5.6992,5.4624,608.96,564.09,519.22,8.0695,591.4,0,0
SMTC,Semtech Corp.,NASD,Technology,Semiconductors,2026-08-14,1917900.0,140.35,126.24,141.15,102.56,13.41,54.58,-0.0694,-2.7448,2.6754,148.45,127.71,106.97,4.0922,139.39,0,0
SN,SharkNinja Inc.,NYSE,Consumer Discretionary,Durable Household Products,2026-08-14,1389500.0,185.1,175.3,151.82,121.22,45.03,71.92,11.1178,9.6722,1.4456,198.54,167.48,136.41,1.2404,186.49,0,0
SNDK,Sandisk Corp.,NASD,Technology,Semiconductors,2026-08-14,21000300.0,1641.11,1297.56,1655.64,903.24,16.7,57.0,-51.4031,-100.6394,49.2363,1692.05,1353.58,1015.11,155.1525,1617.05,0,0
SNEX,StoneX Group Inc.,NASD,Financial,Investment Services,2026-08-14,1297900.0,67.1,71.03,103.06,103.14,45.97,30.79,-10.1372,-11.0192,0.882,80.2,71.86,63.53,1.5416,67.86,0,0
SNOW,Snowflake Inc.,NYSE,Technology,Software,2026-08-14,2583100.0,328.92,314.41,270.0,214.43,36.87,71.76,20.5794,18.8598,1.7196,354.34,301.08,247.83,2.8077,331.82,-100,0
SOLV,Solventum Corp.,NYSE,Health Care,Medical Supplies,2026-08-14,1450400.0,88.59,86.15,80.28,75.95,20.31,63.17,2.0508,2.0093,0.0415,91.58,83.86,76.15,1.5253,87.75,0,0
SPG,"Simon Property Group, Inc.",NYSE,Real Estate,Retail REITs,2026-08-14,976100.0,219.58,225.6,221.93,199.08,17.23,41.99,-0.6511,0.7662,-1.4173,236.21,226.31,216.42,0.7215,220.34,0,0
SPHR,Sphere Entertainment Co.,NYSE,Communication Services,Entertainment,2026-08-14,519400.0,168.0,156.97,151.88,117.7,25.33,60.39,6.245,3.3445,2.9004,177.23,151.26,125.28,5.98,173.87,-100,0
SPOT,Spotify Technology S.A.,NYSE,Communication Services,Internet,2026-08-14,1366800.0,512.82,498.68,484.02,514.84,10.35,57.59,4.9096,4.0954,0.8142,525.4,494.38,463.36,8.7176,502.54,0,0
SSNC,SS & C Technologies Holdings Inc.,NASD,Technology,Software,2026-08-14,1183600.0,81.5,79.46,70.65,75.48,35.27,69.88,3.3142,3.1636,0.1506,86.27,76.64,67.0,0.9304,81.79,0,0
STLD,"Steel Dynamics, Inc.",NASD,Materials,Steel,2026-08-14,891000.0,255.77,260.07,250.18,204.2,22.37,52.51,5.4096,5.3386,0.071,275.74,254.08,232.42,4.1989,256.59,0,0
STM,STMicroelectronics NV,NYSE,Technology,Semiconductors,2026-08-14,4617400.0,54.29,53.17,65.3,43.29,28.7,42.99,-2.9106,-3.5679,0.6574,63.56,54.79,46.02,0.3632,54.12,0,0
STRL,"Sterling Infrastructure, Inc.",NASD,Industrial,Heavy Construction,2026-08-14,504100.0,576.48,551.57,710.81,513.26,28.69,44.95,-42.9727,-48.8137,5.841,722.0,589.93,457.86,17.0338,571.24,0,0
STT,State Street Corp.,NYSE,Financial,Asset Managers,2026-08-14,1125200.0,191.74,185.48,177.37,143.47,19.53,67.2,3.5183,3.3519,0.1664,191.59,185.11,178.62,1.8943,191.67,100,0
STX,"Seagate Technology Holdings, Inc.",NASD,Technology,Computer Hardware,2026-08-14,5246800.0,973.44,842.44,889.07,550.11,15.7,62.0,7.9434,-7.6418,15.5852,955.47,848.95,742.42,63.6423,968.2,0,0
SU,"Suncor Energy, Inc.",NYSE,Energy,Integrated Oil & Gas,2026-08-14,2992300.0,65.82,64.25,60.79,56.17,20.11,59.48,0.8574,0.9103,-0.0529,67.99,64.32,60.65,1.2056,65.9,0,0
SUNB,Sunbelt Rentals Holdings Inc.,NYSE,Industrial,Building Materials,2026-08-14,1690675.0,84.79,78.32,76.93,,17.71,67.33,1.9728,1.1538,0.819,84.79,77.08,69.38,1.9766,83.7,0,0
SW,Smurfit Westrock Plc,NYSE,Materials,Containers & Packaging,2026-08-14,4917700.0,49.25,48.38,45.4,41.56,12.77,57.45,1.2313,1.1344,0.097,52.08,47.52,42.96,0.8284,49.89,0,0
SWK,Stanley Black & Decker Inc.,NYSE,Industrial,Diversified Industrials,2026-08-14,1105000.0,102.07,99.99,90.77,79.69,23.36,63.27,3.9286,3.7131,0.2155,108.67,96.88,85.1,0.6856,102.18,0,0
SWKS,Skyworks Solutions Inc.,NASD,Technology,Semiconductors,2026-08-14,3810900.0,69.62,66.38,66.42,64.19,16.47,59.78,1.4954,0.6058,0.8896,72.13,64.97,57.81,0.5725,69.85,0,0
SYF,Synchrony Financial,NYSE,Financial,Consumer Finance,2026-08-14,2124600.0,81.0,78.26,75.17,74.7,18.52,65.44,1.566,1.2114,0.3546,82.26,76.7,71.14,1.0341,80.88,0,0
TD,Toronto Dominion Bank,NYSE,Financial,Banks,2026-08-14,1389100.0,124.36,121.03,119.81,101.71,15.96,62.93,0.9666,0.6928,0.2737,123.91,120.77,117.64,1.2389,124.31,0,0
TEAM,Atlassian Corp.,NASD,Technology,Software,2026-08-14,4191200.0,162.22,127.09,98.94,107.85,41.24,78.91,18.5307,12.427,6.1037,171.69,115.73,59.76,5.2984,164.36,0,0
TECH,Bio-Techne Corporation,NASD,Health Care,Biotechnology,2026-08-14,2013900.0,72.4,72.12,66.93,60.1,59.25,72.48,1.2926,1.7138,-0.4211,72.45,71.99,71.52,0.0997,72.33,0,0
TECK,Teck Resources Ltd.,NYSE,Materials,Nonferrous Metals,2026-08-14,1413300.0,63.53,63.48,61.18,54.68,15.6,53.59,1.5157,1.2469,0.2688,69.33,61.85,54.37,1.348,63.44,0,0
TER,"Teradyne, Inc.",NASD,Technology,Semiconductors,2026-08-14,1842600.0,418.79,376.63,383.44,301.83,12.36,60.34,8.7942,1.7725,7.0216,425.28,370.42,315.55,19.9822,422.98,0,0
TEVA,Teva Pharmaceutical Industries Ltd.,NYSE,Health Care,Pharmaceuticals,2026-08-14,2332500.0,36.77,35.23,33.59,31.53,26.34,66.88,1.0111,0.6655,0.3456,38.45,33.94,29.42,0.2274,36.77,100,0
TFC,Truist Financial Corporation,NYSE,Financial,Banks,2026-08-14,6130800.0,53.1,52.46,51.12,49.2,14.13,59.46,0.4605,0.4651,-0.0046,53.37,52.18,51.0,0.4556,53.22,0,0
TFX,"Teleflex, Inc.",NYSE,Health Care,Medical Supplies,2026-08-14,586000.0,137.17,136.12,132.39,121.53,11.35,54.93,1.1702,1.2489,-0.0787,140.39,135.19,130.0,1.8465,137.91,0,0
TGT,Target Corp.,NYSE,Consumer Staples,General Retailers,2026-08-14,3615800.0,154.48,149.24,137.71,117.23,29.59,71.03,5.0295,4.3962,0.6333,158.14,145.85,133.56,1.3249,155.29,0,0
THC,Tenet Healthcare Corp.,NYSE,Health Care,Health Care Providers,2026-08-14,529900.0,267.9,259.48,209.11,203.23,39.16,72.28,17.2088,16.9964,0.2125,295.68,244.73,193.77,3.7233,268.93,0,0
TIGO,Millicom Intl Cellular S.A.,NASD,Communication Services,Mobile Telecommunications,2026-08-14,1022200.0,93.89,95.45,92.88,72.99,11.98,48.3,0.553,0.9911,-0.4381,100.88,95.82,90.76,0.9707,94.14,0,0
TKO,"TKO Group Holdings, Inc.",NYSE,Communication Services,Entertainment,2026-08-14,955800.0,201.28,188.9,193.4,196.9,22.43,67.24,1.7404,-0.6858,2.4262,198.96,186.68,174.41,4.1727,201.78,0,0
TKR,Timken Co.,NYSE,Industrial,Industrial Machinery,2026-08-14,993200.0,133.5,132.86,137.24,107.72,26.26,48.86,-1.8548,-1.4041,-0.4507,144.86,134.92,124.98,2.3619,133.36,0,0
TMO,Thermo Fisher Scientific Inc.,NYSE,Health Care,Medical Equipment,2026-08-14,1057600.0,588.29,584.75,528.79,532.6,31.33,62.72,19.7983,20.1712,-0.3728,620.1,573.14,526.17,5.9158,591.99,0,0
TOST,Toast Inc.,NYSE,Technology,Computer Services,2026-08-14,7253100.0,34.75,33.95,29.27,30.23,31.55,63.85,1.6616,1.637,0.0247,37.07,32.7,28.32,0.5385,34.61,0,0
TPG,TPG Inc.,NASD,Financial,Asset Managers,2026-08-14,6618300.0,53.03,48.01,43.72,49.38,30.24,70.31,2.6745,1.8447,0.8298,54.42,46.38,38.33,2.0584,54.2,0,0
TRGP,Targa Resources Corp.,NYSE,Energy,Exploration & Production,2026-08-14,716200.0,275.79,265.77,269.67,228.25,22.18,55.42,-0.9283,-1.2973,0.369,286.7,270.12,253.54,3.7495,272.72,0,0
TRI,Thomson Reuters Corp.,NASD,Communication Services,Publishing,2026-08-14,1341700.0,103.61,102.82,91.02,104.79,33.24,56.34,3.7494,3.7547,-0.0053,112.07,99.32,86.58,1.1628,104.24,-100,0
TROW,"T. Rowe Price Associates, Inc.",NASD,Financial,Asset Managers,2026-08-14,1027400.0,110.56,114.59,113.26,102.98,18.21,40.79,-0.6894,0.1745,-0.864,121.12,115.25,109.38,1.3392,110.39,0,0
TRU,TransUnion.com,NYSE,Financial,Specialty Finance,2026-08-14,1076700.0,80.48,80.56,74.79,76.39,21.12,55.32,1.3883,1.6195,-0.2313,84.24,79.29,74.35,0.7259,80.8,0,0
TRV,"The Travelers Cos., Inc.",NYSE,Financial,Property-Casualty Insurance,2026-08-14,1222000.0,370.36,378.72,344.88,305.69,27.38,53.61,7.4894,11.0696,-3.5803,394.31,378.31,362.32,2.6683,369.12,0,0
TSEM,Tower Semiconductor Ltd.,NASD,Technology,Semiconductors,2026-08-14,1148300.0,265.48,233.19,244.43,176.45,11.64,57.72,4.4616,-0.6477,5.1094,277.36,235.51,193.67,5.8432,262.02,0,0
TSM,Taiwan Semiconductor Mfg,NYSE,Technology,Semiconductors,2026-08-14,6324700.0,426.35,412.62,425.17,363.49,12.51,54.31,1.4022,-1.9475,3.3496,439.21,412.15,385.09,4.498,430.19,0,0
TT,Trane Technologies Inc,NYSE,Industrial,Building Materials,2026-08-14,552700.0,480.2,470.53,474.1,442.73,13.03,53.48,1.7978,0.3778,1.4199,496.4,472.16,447.92,2.4843,479.51,0,0
TTAN,ServiceTitan Inc.,NASD,Technology,Software,2026-08-14,934700.0,90.4,86.03,76.11,78.33,26.57,63.97,4.539,3.7526,0.7863,96.54,82.06,67.58,2.4386,92.74,0,0
TTE,TotalEnergies SE,NYSE,Energy,Integrated Oil & Gas,2026-08-14,1294300.0,88.33,86.72,83.31,78.56,20.58,61.07,1.3909,1.228,0.1629,89.7,86.02,82.35,0.4246,87.77,0,0
TTEK,Tetra Tech Inc.,NASD,Industrial,Waste & Disposal Services,2026-08-14,3369500.0,36.51,34.65,30.98,32.72,31.0,72.08,1.4811,1.3013,0.1797,37.39,33.6,29.82,0.5901,36.57,0,0
TTMI,"TTM Technologies, Inc.",NASD,Technology,Electrical Components,2026-08-14,1664800.0,140.0,127.0,157.23,116.22,20.24,51.28,-4.0817,-7.6348,3.5531,154.09,130.14,106.18,4.2564,141.16,100,0
TTWO,"Take-Two Interactive Software, Inc.",NASD,Communication Services,Internet,2026-08-14,1118800.0,246.95,244.26,237.86,229.04,11.51,54.16,1.8262,1.6617,0.1645,254.75,241.7,228.65,4.408,242.82,0,0
TWLO,Twilio Inc.,NYSE,Technology,Software,2026-08-14,2797700.0,238.2,216.39,206.9,155.43,25.05,62.77,11.8643,6.4119,5.4524,259.75,209.26,158.78,5.7861,242.0,-100,0
TWST,Twist Bioscience Corp.,NASD,Health Care,Biotechnology,2026-08-14,1140800.0,118.57,108.16,93.69,56.78,35.88,63.21,9.1938,7.0478,2.1459,131.94,103.05,74.16,2.5473,121.32,0,0
TXG,10x Genomics Inc.,NASD,Health Care,Medical Equipment,2026-08-14,2014700.0,56.09,51.36,41.74,25.37,42.63,66.99,4.4306,3.8529,0.5777,59.62,49.84,40.05,0.906,56.75,0,0
TXN,"Texas Instruments, Inc.",NASD,Technology,Semiconductors,2026-08-14,4762600.0,279.58,277.79,292.14,231.76,18.29,47.28,-4.0653,-4.5319,0.4666,292.04,280.13,268.22,2.8874,276.34,0,0
TXRH,Texas Roadhouse Inc.,NASD,Consumer Discretionary,Restaurants & Bars,2026-08-14,662900.0,207.1,208.35,190.76,177.28,36.08,57.85,5.2335,5.7889,-0.5554,217.92,204.2,190.48,2.7714,208.43,0,0
U,Unity Software Inc.,NYSE,Technology,Software,2026-08-14,9591100.0,46.25,38.59,31.63,31.64,39.62,84.83,4.1997,2.9935,1.2061,48.35,35.86,23.37,1.1683,46.34,0,0
UAL,United Airlines Holdings Inc.,NASD,Industrial,Airlines,2026-08-14,3385100.0,125.34,126.24,122.46,106.97,14.87,51.75,1.4999,1.6607,-0.1609,133.85,123.7,113.56,0.9486,126.02,0,0
UBER,"Uber Technologies, Inc.",NYSE,Industrial,Transportation Services,2026-08-14,10195700.0,75.95,73.12,72.25,77.59,13.51,56.95,1.1209,0.4352,0.6857,78.65,72.04,65.42,1.2811,75.38,0,0
UCTT,Ultra Clean Holdings Inc.,NASD,Technology,Semiconductors,2026-08-14,1922500.0,84.93,83.92,99.13,63.64,12.09,46.06,-3.1771,-4.195,1.0179,104.05,87.68,71.3,3.9249,89.87,0,0
UNH,"Unitedhealth Group, Inc.",NYSE,Health Care,Health Care Providers,2026-08-14,3476400.0,401.73,410.68,415.19,346.94,23.75,42.39,-4.0475,-1.7904,-2.257,435.52,415.03,394.53,3.2959,400.13,0,0
UNM,Unum Group,NYSE,Financial,Life Insurance,2026-08-14,1248100.0,93.33,89.6,89.33,79.89,18.38,61.38,1.0925,0.5623,0.5302,93.88,88.93,83.98,1.1934,93.16,0,0
UNP,Union Pacific Corp.,NYSE,Industrial,Railroad,2026-08-14,2267900.0,293.68,293.58,282.84,254.23,23.18,53.29,2.7076,3.6393,-0.9317,303.62,295.15,286.69,1.9439,295.62,-100,0
USB,US Bancorp,NYSE,Financial,Banks,2026-08-14,4690400.0,65.42,64.1,61.6,55.54,29.84,66.06,0.9252,0.9329,-0.0077,65.4,63.97,62.55,0.49,65.49,0,0
USFD,US Foods Holding Corp.,NYSE,Consumer Staples,Food Retailers,2026-08-14,1904400.0,108.92,104.94,98.55,87.78,31.09,66.14,3.4382,2.6813,0.7569,113.38,102.35,91.32,0.8993,109.85,0,0
V,Visa Inc.,NYSE,Financial,Consumer Finance,2026-08-14,8106900.0,364.15,365.52,348.46,331.31,20.07,55.8,3.9455,5.2551,-1.3096,373.4,362.85,352.3,2.0322,364.17,0,0
VAL,Valaris Ltd.,NYSE,Energy,Oil Equipment & Services,2026-08-14,1744000.0,85.62,79.97,79.97,77.47,23.09,61.79,1.5153,0.2956,1.2197,87.26,79.43,71.59,0.5994,85.36,0,0
VEEV,Veeva Systems Inc.,NYSE,Technology,Software,2026-08-14,1426000.0,243.75,221.68,190.05,200.83,38.94,72.93,15.6368,12.1112,3.5256,253.88,211.75,169.62,6.3117,248.67,0,0
VIAV,Viavi Solutions Inc.,NASD,Technology,Telecom Equipment,2026-08-14,3188400.0,43.54,38.66,43.47,33.25,20.68,56.09,-0.2563,-1.2278,0.9714,45.24,39.27,33.31,2.6838,44.5,0,0
VICR,Vicor Corp.,NASD,Technology,Electrical Components,2026-08-14,682200.0,234.74,213.94,265.64,194.15,22.98,50.75,-10.2271,-15.7745,5.5474,240.7,215.35,190.0,9.9686,234.96,100,0
VIK,Viking Holdings Ltd.,NYSE,Consumer Discretionary,Recreational Services,2026-08-14,5288100.0,97.99,104.56,99.77,80.07,23.66,41.9,1.1149,1.8232,-0.7083,109.47,103.2,96.92,2.7771,101.32,0,0
VIRT,"Virtu Financial, Inc.",NYSE,Financial,Investment Services,2026-08-14,1484100.0,60.02,57.52,59.0,45.48,24.25,56.11,-0.51,-0.5686,0.0586,60.87,57.87,54.87,1.7092,59.16,0,0
VLO,Valero Energy Corp,NYSE,Energy,Exploration & Production,2026-08-14,1918800.0,341.67,314.18,284.12,226.27,25.47,72.82,13.0618,10.807,2.2547,337.79,312.51,287.24,10.6431,345.26,0,0
VLTO,Veralto Corp.,NYSE,Industrial,Diversified Industrials,2026-08-14,852800.0,97.68,97.0,91.03,93.5,27.78,59.82,1.8239,1.9191,-0.0952,100.84,95.51,90.18,0.456,97.54,0,0
VRT,"Vertiv Holdings, LLC",NYSE,Industrial,Industrial Suppliers,2026-08-14,3153600.0,293.84,267.24,296.74,251.25,13.41,54.12,-4.0149,-8.6637,4.6487,320.91,276.01,231.12,8.0415,294.81,100,0
VRTX,Vertex Pharmaceuticals Inc.,NASD,Health Care,Biotechnology,2026-08-14,1130500.0,505.75,496.31,481.44,457.11,24.69,56.49,9.8252,6.7468,3.0785,527.63,490.64,453.66,8.4444,510.39,0,0
VSAT,"ViaSat, Inc.",NASD,Technology,Telecom Equipment,2026-08-14,1414800.0,82.87,80.86,73.49,54.55,16.45,56.15,3.1946,2.7907,0.4038,89.19,78.52,67.85,1.5962,83.37,0,0
VSH,"Vishay Intertech, Inc.",NYSE,Technology,Electrical Components,2026-08-14,2933200.0,35.08,33.91,45.73,27.64,21.49,44.79,-2.763,-3.2598,0.4968,41.15,35.4,29.65,0.7142,34.46,0,0
VSXY,Victoria's Secret & Co.,NYSE,Consumer Discretionary,Apparel Retailers,2026-08-14,1236300.0,89.02,91.63,83.56,59.17,30.96,52.07,3.3147,3.7915,-0.4768,98.27,89.82,81.36,3.7062,88.43,0,0
VTR,"Ventas, Inc.",NYSE,Real Estate,Specialty REITs,2026-08-14,3000700.0,91.52,92.2,90.17,83.89,27.26,48.63,-0.4861,0.2479,-0.734,101.55,94.02,86.5,1.8113,90.44,0,0
VZ,Verizon Communications,NYSE,Communication Services,Fixed Telecommunications,2026-08-14,15062200.0,48.48,47.22,45.34,44.99,15.31,64.74,0.8262,0.6651,0.1611,49.42,46.51,43.6,0.6288,48.37,0,0
W,Wayfair Inc.,NYSE,Consumer Discretionary,Home Improvement Retailers,2026-08-14,1906000.0,101.63,99.57,89.61,88.39,25.15,56.38,4.3947,4.2147,0.18,114.73,95.61,76.49,0.9039,101.33,0,0
WAB,Westinghouse Air Brake Technologies Corporation,NYSE,Industrial,Commercial Vehicles,2026-08-14,1105300.0,299.02,296.04,276.41,247.72,22.23,61.82,6.692,7.1558,-0.4637,315.76,292.86,269.97,1.8059,298.88,0,0
WBD,Warner Bros. Discovery Inc.,NASD,Communication Services,Entertainment,2026-08-14,12495600.0,27.99,26.53,26.55,26.83,19.69,68.44,0.295,0.0432,0.2519,27.85,26.3,24.75,0.4245,28.05,0,0
WBS,Webster Financial Corp.,NYSE,Financial,Banks,2026-08-14,10391300.0,79.0,78.2,76.17,69.31,21.6,63.4,0.8883,0.8154,0.0729,80.17,77.57,74.96,0.152,79.08,0,0
WDAY,"Workday, Inc.",NASD,Technology,Software,2026-08-14,8192000.0,198.68,174.92,145.2,162.65,26.56,69.19,14.3967,11.152,3.2447,205.27,164.02,122.78,11.5843,200.03,0,0
WDC,Western Digital Corp.,NASD,Technology,Computer Hardware,2026-08-14,9945700.0,508.8,486.48,552.41,349.72,18.75,50.4,-20.5625,-21.5811,1.0186,583.21,498.96,414.7,28.202,503.34,0,0
WELL,Welltower Inc.,NYSE,Real Estate,Specialty REITs,2026-08-14,1974000.0,235.52,235.06,228.88,207.06,19.76,51.27,0.1653,1.4861,-1.3208,252.2,238.73,225.27,3.6368,234.13,0,0
WES,"Western Midstream Partners, LP",NYSE,Energy,Exploration & Production,2026-08-14,1786000.0,48.92,47.3,45.39,42.15,25.34,67.77,0.7815,0.6805,0.101,48.65,47.23,45.81,0.4841,48.82,0,0
WFC,Wells Fargo & Co.,NYSE,Financial,Banks,2026-08-14,8788500.0,88.82,87.41,85.63,84.97,12.45,57.8,0.8393,0.822,0.0173,89.69,87.2,84.71,0.6233,88.83,0,0
WIX,Wix.com Ltd.,NASD,Technology,Software,2026-08-14,2081100.0,74.13,63.77,52.53,79.16,24.17,65.67,5.4657,3.7497,1.716,76.31,60.13,43.94,6.1183,77.77,0,0
WMB,"Williams Cos., Inc.",NYSE,Energy,Pipelines,2026-08-14,6043300.0,75.2,71.77,73.23,69.05,24.63,59.13,-0.0946,-0.4959,0.4013,75.64,72.34,69.04,1.1737,74.71,0,0
WPM,Wheaton Precious Metals Corp.,NYSE,Materials,Nonferrous Metals,2026-08-14,1366900.0,134.21,122.84,116.07,125.48,22.27,68.63,5.6975,3.3535,2.3441,140.45,118.9,97.36,1.0607,133.57,0,0
WSM,"Williams Sonoma, Inc.",NYSE,Consumer Discretionary,Specialty Retailers,2026-08-14,708400.0,241.58,242.73,228.8,201.31,27.74,56.0,6.1229,6.3238,-0.2009,258.6,237.24,215.88,3.9285,240.79,0,0
WTW,Willis Towers Watson Public Ltd. Co.,NASD,Financial,Insurance Brokers,2026-08-14,729200.0,331.59,335.68,292.17,298.83,44.87,63.03,14.1557,15.3418,-1.1862,365.35,322.71,280.07,4.6144,332.01,0,0
XOM,Exxon Mobil Corp.,NYSE,Energy,Integrated Oil & Gas,2026-08-14,10231300.0,160.1,156.34,147.57,141.32,19.64,64.32,3.3348,3.1053,0.2295,161.77,155.6,149.42,0.5115,159.5,0,0
XPO,"XPO Logistics, Inc.",NYSE,Industrial,Transportation Services,2026-08-14,879300.0,211.06,202.76,208.54,184.55,18.86,55.82,-0.3521,-1.484,1.132,217.6,205.65,193.7,4.2961,212.76,0,0
XYZ,"Block, Inc.",NYSE,Financial,Consumer Finance,2026-08-14,4281600.0,82.88,81.46,77.28,67.87,19.51,57.93,0.956,1.1309,-0.1749,85.36,80.62,75.88,2.0833,82.83,0,0
ZBH,"Zimmer Biomet Holdings, Inc.",NYSE,Health Care,Medical Equipment,2026-08-14,2152700.0,100.65,97.11,91.46,90.9,19.73,65.44,2.4141,2.0978,0.3163,102.17,95.0,87.83,1.2801,100.24,0,0
ZBRA,Zebra Technologies Corp.,NASD,Technology,Electronic Equipment,2026-08-14,573400.0,376.03,343.94,277.69,249.67,42.3,78.6,32.5374,27.0573,5.4801,422.08,319.32,216.56,2.3212,377.53,0,0
ZETA,Zeta Global Holdings Corp.,NYSE,Technology,Software,2026-08-14,4852100.0,29.05,25.5,21.95,19.26,34.28,69.76,2.1885,1.5588,0.6297,30.93,23.95,16.96,0.7103,29.48,0,0
ZIM,Zim Integrated Shipping Services Ltd.,NYSE,Industrial,Marine Transportation,2026-08-14,3933500.0,28.14,25.84,25.21,23.7,18.73,63.61,0.4621,0.2776,0.1846,27.75,25.55,23.36,1.3092,27.62,0,0
ZM,"Zoom Communications, Inc.",NASD,Technology,Computer Services,2026-08-14,2783200.0,105.96,100.95,93.21,89.15,28.9,63.59,4.4027,3.2077,1.1949,112.53,97.15,81.78,1.643,107.1,-100,0
ZS,"Zscaler, Inc.",NASD,Technology,Software,2026-08-14,2249300.0,183.6,165.71,145.46,183.08,30.95,70.78,10.2184,7.3333,2.8851,188.3,159.51,130.72,4.3916,185.56,0,0
